Stadt,Stadtteil,GeoCodeId,Kaufpreise,Mietpreise,Mietrendite,> 6%,Eigener Kommentar
Aachen,52062,,2700,8.80,3.90 %,,
Aachen,52074,,2600,8.60,4.00 %,,
Aachen,52064,,2700,9.00,4.00 %,,
Aachen,52066,,2600,8.80,4.10 %,,
Aachen,52072,,2500,8.50,4.10 %,,
Aachen,52076,,2150,7.40,4.10 %,,
Aachen,52070,,2450,8.80,4.30 %,,
Aachen,52078,,2100,7.70,4.40 %,,
Aachen,52080,,2050,7.70,4.50 %,,
Aachen,52068,,1900,8.10,5.10 %,,
Aachen,gesamt,1276010001,2500,8.50,4.10 %,,
Aalen,73430,,2700,9.10,4.00 %,,
Aalen,73434,,2250,7.70,4.10 %,,
Aalen,73432,,2050,7.10,4.20 %,,
Aalen,73431,,2350,8.20,4.20 %,,
Aalen,73433,,2150,7.90,4.40 %,,
Aalen,gesamt,,2350,8.20,4.20 %,,
Ahlen,59227,,1300,5.90,5.50 %,,
Ahlen,59229,,1100,5.80,6.30 %,x,
Ahlen,gesamt,,1200,5.80,5.80 %,,
Arnsberg,59757,,1200,5.50,5.50 %,,
Arnsberg,59823,,1100,5.10,5.60 %,,
Arnsberg,59821,,1050,5.10,5.80 %,,
Arnsberg,59759,,1100,5.60,6.10 %,x,
Arnsberg,59755,,1100,5.60,6.10 %,x,
Arnsberg,gesamt,,1050,5.40,6.20 %,x,
Aschaffenburg,63739,,2750,8.90,3.90 %,,
Aschaffenburg,63741,,2650,8.60,3.90 %,,
Aschaffenburg,63743,,2700,8.80,3.90 %,,
Aschaffenburg,gesamt,,2700,8.80,3.90 %,,
Augsburg,86150,,3750,10.20,3.30 %,,
Augsburg,86152,,3750,10.40,3.30 %,,
Augsburg,86153,,3650,10.50,3.50 %,,
Augsburg,86157,,3500,10.10,3.50 %,,
Augsburg,86159,,3550,10.30,3.50 %,,
Augsburg,86199,,3450,10.20,3.60 %,,
Augsburg,86179,,3350,10.00,3.60 %,,
Augsburg,86165,,3300,9.90,3.60 %,,
Augsburg,86169,,3350,10.10,3.60 %,,
Augsburg,86167,,3200,9.90,3.70 %,,
Augsburg,86156,,3200,9.90,3.70 %,,
Augsburg,86163,,3200,10.20,3.80 %,,
Augsburg,86154,,2900,9.80,4.10 %,,
Augsburg,86161,,3000,10.30,4.10 %,,
Augsburg,gesamt,1276002009,3400,10.20,3.60 %,,
"Bad Homburg v,d, Höhe",61352,,3300,10.90,4.00 %,,
"Bad Homburg v,d, Höhe",61348,,3500,11.90,4.10 %,,
"Bad Homburg v,d, Höhe",61350,,3350,11.60,4.20 %,,
Bad Homburg v.d. Höhe,gesamt,,3400,11.60,4.10 %,,
Bad Kreuznach,55583,,1750,6.70,4.60 %,,
Bad Kreuznach,55545,,1750,6.80,4.70 %,,
Bad Kreuznach,55543,,1900,7.40,4.70 %,,
Bad Kreuznach,gesamt,,1850,7.30,4.70 %,,
Bad Salzuflen,32105,,1400,6.30,5.40 %,,
Bad Salzuflen,32108,,1300,5.90,5.50 %,,
Bad Salzuflen,32107,,1100,5.70,6.20 %,x,
Bad Salzuflen,gesamt,,1350,6.20,5.50 %,,
Baden-Baden,76530,,3450,9.80,3.40 %,,
Baden-Baden,76532,,2550,8.60,4.10 %,,
Baden-Baden,76534,,2350,8.30,4.20 %,,
Baden-Baden,gesamt,1276001002,3050,9.30,3.70 %,,
Bamberg,96047,,3050,9.30,3.70 %,,
Bamberg,96052,,2750,8.70,3.80 %,,
Bamberg,96049,,2800,8.90,3.80 %,,
Bamberg,96050,,2550,8.60,4.10 %,,
Bamberg,gesamt,1276002013,2800,8.90,3.80 %,,
Bayreuth,95444,,2450,8.60,4.20 %,,
Bayreuth,95447,,2200,8.00,4.40 %,,
Bayreuth,95445,,2100,8.10,4.60 %,,
Bayreuth,95448,,2100,8.10,4.60 %,,
Bayreuth,gesamt,1276002015,2250,8.20,4.40 %,,
Bergheim,50129,,1750,7.10,4.90 %,,
Bergheim,50126,,1100,7.10,7.80 %,x,
Bergheim,50127,,900,6.60,8.80 %,x,
Bergheim,gesamt,,1150,6.80,7.10 %,x,
Bergisch Gladbach,51467,,2300,8.40,4.40 %,,
Bergisch Gladbach,51427,,2400,9.00,4.50 %,,
Bergisch Gladbach,51469,,2200,8.40,4.60 %,,
Bergisch Gladbach,51429,,2200,8.70,4.80 %,,
Bergisch Gladbach,51465,,2100,8.40,4.80 %,,
Bergisch Gladbach,gesamt,,2250,8.60,4.60 %,,
Berlin,Dahlem,1276003001012,5400,12.10,2.70 %,,
Berlin,Gesundbrunnen,,4000,9.10,2.70 %,,
Berlin,Wannsee,1276003001071,4250,10.20,2.90 %,,
Berlin,Halensee,,4850,11.70,2.90 %,,
Berlin,Nikolassee,1276003001051,4300,10.40,2.90 %,,
Berlin,Kreuzberg,1276003001034,4900,11.90,2.90 %,,
Berlin,Grunewald,1276003001020,5050,12.40,3.00 %,,
Berlin,Tempelhof,1276003001067,4050,10.00,3.00 %,,
Berlin,Schmargendorf,1276003001059,4450,11.10,3.00 %,,
Berlin,Prenzlauer Berg,1276003001054,4800,12.00,3.00 %,,
Berlin,Tiergarten,1276003001068,5300,13.60,3.10 %,,
Berlin,Wilmersdorf,1276003001076,4200,10.90,3.10 %,,
Berlin,Charlottenburg,1276003001011,4250,11.10,3.10 %,,
Berlin,Moabit,,4550,12.10,3.20 %,,
Berlin,Hansaviertel,,4550,12.10,3.20 %,,
Berlin,Zehlendorf,1276003001078,4200,11.20,3.20 %,,
Berlin,Fennpfuhl,,3600,9.60,3.20 %,,
Berlin,Britz,1276003001007,3450,9.40,3.30 %,,
Berlin,Haselhorst,1276003001022,3050,8.30,3.30 %,,
Berlin,Friedrichshagen,1276003001016,3500,9.60,3.30 %,,
Berlin,Charlottenburg-Nord,,3150,8.70,3.30 %,,
Berlin,Mitte,1276003001046,4400,12.30,3.40 %,,
Berlin,Alt-Treptow,,3850,10.90,3.40 %,,
Berlin,Plänterwald,1276003001081,3850,10.90,3.40 %,,
Berlin,Stadtrandsiedlung Malchow,,3550,10.10,3.40 %,,
Berlin,Weißensee,1276003001074,3550,10.10,3.40 %,,
Berlin,Friedenau,1276003001014,4050,11.50,3.40 %,,
Berlin,Märkisches Viertel,,2950,8.40,3.40 %,,
Berlin,Wedding,1276003001073,3600,10.30,3.40 %,,
Berlin,Steglitz,1276003001065,3700,10.60,3.40 %,,
Berlin,Karlshorst,1276003001029,3350,9.60,3.40 %,,
Berlin,Schöneberg,1276003001061,3850,11.10,3.50 %,,
Berlin,Pankow,1276003001053,3750,10.80,3.50 %,,
Berlin,Westend,,3650,10.60,3.50 %,,
Berlin,Friedrichsfelde,1276003001015,2950,8.60,3.50 %,,
Berlin,Lichterfelde,1276003001039,3450,10.10,3.50 %,,
Berlin,Kladow,1276003001032,3150,9.30,3.50 %,,
Berlin,Gatow,1276003001019,3150,9.30,3.50 %,,
Berlin,Lichtenberg,1276003001037,3350,9.90,3.60 %,,
Berlin,Lankwitz,1276003001036,3100,9.20,3.60 %,,
Berlin,Friedrichshain,1276003001017,4450,13.20,3.60 %,,
Berlin,Neukölln,1276003001048,3000,8.90,3.60 %,,
Berlin,Niederschöneweide,1276003001049,3050,9.10,3.60 %,,
Berlin,Gropiusstadt,,2850,8.50,3.60 %,,
Berlin,Lübars,1276003001040,2850,8.60,3.60 %,,
Berlin,Buckow,1276003001010,2950,8.90,3.60 %,,
Berlin,Waidmannslust,1276003001070,2850,8.60,3.60 %,,
Berlin,Schmöckwitz,1276003001060,3250,9.80,3.60 %,,
Berlin,Grünau,1276003001021,3250,9.80,3.60 %,,
Berlin,Rudow,1276003001058,2800,8.50,3.60 %,,
Berlin,Französisch Buchholz,1276003001009,3350,10.20,3.70 %,,
Berlin,Borsigwalde,,2950,9.00,3.70 %,,
Berlin,Niederschönhausen,1276003001050,3300,10.10,3.70 %,,
Berlin,Heinersdorf,1276003001024,3000,9.20,3.70 %,,
Berlin,Alt-Hohenschönhausen,1276003001027,3050,9.50,3.70 %,,
Berlin,Marienfelde,1276003001044,2950,9.20,3.70 %,,
Berlin,Hermsdorf,1276003001026,3200,10.00,3.80 %,,
Berlin,Frohnau,1276003001018,3200,10.00,3.80 %,,
Berlin,Lichtenrade,1276003001038,2900,9.10,3.80 %,,
Berlin,Wartenberg,1276003001083,2350,7.40,3.80 %,,
Berlin,Reinickendorf,1276003001056,2950,9.30,3.80 %,,
Berlin,Tegel,1276003001066,3100,9.80,3.80 %,,
Berlin,Marzahn,1276003001045,2300,7.30,3.80 %,,
Berlin,Blankenfelde,1276003001005,3500,11.10,3.80 %,,
Berlin,Konradshöhe,1276003001033,2950,9.40,3.80 %,,
Berlin,Mariendorf,1276003001043,2850,9.10,3.80 %,,
Berlin,Heiligensee,1276003001023,3050,9.80,3.90 %,,
Berlin,Oberschöneweide,1276003001052,2800,9.00,3.90 %,,
Berlin,Altglienicke,1276003001002,2750,8.90,3.90 %,,
Berlin,Biesdorf,1276003001003,3150,10.20,3.90 %,,
Berlin,Rosenthal,1276003001057,3100,10.10,3.90 %,,
Berlin,Wilhelmsruh,,3100,10.10,3.90 %,,
Berlin,Johannisthal,1276003001028,2850,9.30,3.90 %,,
Berlin,Rummelsburg,1276003001082,3900,12.80,3.90 %,,
Berlin,Spandau,1276003001063,2650,8.90,4.00 %,,
Berlin,Baumschulenweg,1276003001069,2850,9.70,4.10 %,,
Berlin,Buch,1276003001008,2500,8.50,4.10 %,,
Berlin,Karow,1276003001030,2500,8.50,4.10 %,,
Berlin,Staaken,1276003001064,2500,8.50,4.10 %,,
Berlin,Köpenick,1276003001035,2700,9.20,4.10 %,,
Berlin,Müggelheim,1276003001047,2700,9.20,4.10 %,,
Berlin,Adlershof,1276003001001,2650,9.10,4.10 %,,
Berlin,Wittenau,1276003001077,2650,9.20,4.20 %,,
Berlin,Hakenfelde,,2500,8.70,4.20 %,,
Berlin,Neu-Hohenschönhausen,1276003001080,2400,8.40,4.20 %,,
Berlin,Malchow,1276003001042,2400,8.40,4.20 %,,
Berlin,Hellersdorf,1276003001025,2150,7.60,4.20 %,,
Berlin,Wilhelmstadt,,2550,9.00,4.20 %,,
Berlin,Mahlsdorf,1276003001041,2700,9.60,4.30 %,,
Berlin,Falkenhagener Feld,,2300,8.20,4.30 %,,
Berlin,Falkenberg,1276003001013,2150,7.70,4.30 %,,
Berlin,Bohnsdorf,1276003001006,2450,8.80,4.30 %,,
Berlin,Rahnsdorf,1276003001055,2700,9.70,4.30 %,,
Berlin,Blankenburg,1276003001004,2600,9.50,4.40 %,,
Berlin,Siemensstadt,1276003001062,2600,9.60,4.40 %,,
Berlin,Kaulsdorf,1276003001031,2500,9.50,4.60 %,,
Berlin,gesamt,,3900,10.90,3.40 %,,
Bielefeld,33615,,2150,7.70,4.30 %,,
Bielefeld,33739,,1750,6.60,4.50 %,,
Bielefeld,33617,,1900,7.20,4.60 %,,
Bielefeld,33611,,1850,7.20,4.70 %,,
Bielefeld,33619,,2000,7.80,4.70 %,,
Bielefeld,33613,,1900,7.50,4.70 %,,
Bielefeld,33604,,1900,7.50,4.70 %,,
Bielefeld,33729,,1600,6.50,4.90 %,,
Bielefeld,33602,,1900,8.00,5.10 %,,
Bielefeld,33647,,1550,6.60,5.10 %,,
Bielefeld,33607,,1750,7.50,5.10 %,,
Bielefeld,33699,,1500,6.50,5.20 %,,
Bielefeld,33649,,1550,6.80,5.30 %,,
Bielefeld,33719,,1600,7.20,5.40 %,,
Bielefeld,33605,,1550,7.00,5.40 %,,
Bielefeld,33659,,1350,6.50,5.80 %,,
Bielefeld,33609,,1350,6.60,5.90 %,,
Bielefeld,33689,,1200,6.60,6.60 %,x,
Bielefeld,gesamt,1276010003,1750,7.10,4.90 %,,
Böblingen,71034,,3200,10.80,4.10 %,,
Böblingen,71032,,3200,11.50,4.30 %,,
Böblingen,gesamt,1276001006,3200,11.20,4.20 %,,
Bocholt,46395,,2000,6.70,4.00 %,,
Bocholt,46399,,1850,6.80,4.40 %,,
Bocholt,46397,,1700,6.70,4.70 %,,
Bocholt,gesamt,,1800,6.80,4.50 %,,
Bochum,44797,,2200,7.80,4.30 %,,
Bochum,44799,,1850,7.50,4.90 %,,
Bochum,44791,,1650,6.90,5.00 %,,
Bochum,44879,,1550,6.60,5.10 %,,
Bochum,44789,,1650,7.20,5.20 %,,
Bochum,44803,,1500,6.90,5.50 %,,
Bochum,44801,,1400,6.50,5.60 %,,
Bochum,44795,,1600,7.50,5.60 %,,
Bochum,44869,,1400,6.60,5.70 %,,
Bochum,44787,,1450,6.90,5.70 %,,
Bochum,44892,,1350,6.50,5.80 %,,
Bochum,44805,,1350,6.60,5.90 %,,
Bochum,44807,,1300,6.70,6.20 %,x,
Bochum,44809,,1250,6.50,6.20 %,x,
Bochum,44867,,1250,6.50,6.20 %,x,
Bochum,44866,,1150,6.00,6.30 %,x,
Bochum,44894,,1200,6.30,6.30 %,x,
Bochum,44793,,1300,7.00,6.50 %,x,
Bochum,gesamt,1276010004,1400,6.70,5.70 %,,
Bonn,53113,,3500,10.90,3.70 %,,
Bonn,53127,,2950,9.30,3.80 %,,
Bonn,53111,,3100,10.10,3.90 %,,
Bonn,53225,,3050,10.00,3.90 %,,
Bonn,53173,,2950,9.80,4.00 %,,
Bonn,53227,,2800,9.50,4.10 %,,
Bonn,53115,,3100,10.60,4.10 %,,
Bonn,53121,,2750,9.40,4.10 %,,
Bonn,53129,,2950,10.20,4.20 %,,
Bonn,53229,,2550,8.90,4.20 %,,
Bonn,53123,,2500,8.90,4.30 %,,
Bonn,53175,,2700,9.60,4.30 %,,
Bonn,53177,,2600,9.30,4.30 %,,
Bonn,53125,,2400,8.60,4.30 %,,
Bonn,53179,,2500,9.00,4.30 %,,
Bonn,53117,,2600,9.50,4.40 %,,
Bonn,53119,,1750,8.40,5.80 %,,
Bonn,gesamt,1276010005,2800,9.50,4.10 %,,
Bottrop,46244,,1750,6.50,4.50 %,,
Bottrop,46242,,1500,6.80,5.40 %,,
Bottrop,46240,,1350,6.50,5.80 %,,
Bottrop,46236,,1250,6.10,5.90 %,,
Bottrop,46238,,1300,6.50,6.00 %,x,
Bottrop,gesamt,1276010007,1400,6.50,5.60 %,,
Brandenburg an der Havel,14774,,1800,6.00,4.00 %,,
Brandenburg an der Havel,14776,,1500,6.20,5.00 %,,
Brandenburg an der Havel,14770,,1400,5.90,5.10 %,,
Brandenburg an der Havel,14772,,1250,5.40,5.20 %,,
Brandenburg an der Havel,gesamt,,1400,5.90,5.10 %,,
Braunschweig,38102,,2750,8.60,3.80 %,,
Braunschweig,38104,,2600,8.30,3.80 %,,
Braunschweig,38106,,2550,8.20,3.90 %,,
Braunschweig,38110,,2150,7.60,4.20 %,,
Braunschweig,38114,,2200,8.00,4.40 %,,
Braunschweig,38100,,2250,8.20,4.40 %,,
Braunschweig,38118,,2100,7.70,4.40 %,,
Braunschweig,38120,,1800,6.70,4.50 %,,
Braunschweig,38116,,2050,7.70,4.50 %,,
Braunschweig,38126,,1900,7.30,4.60 %,,
Braunschweig,38124,,1950,7.50,4.60 %,,
Braunschweig,38108,,1900,7.40,4.70 %,,
Braunschweig,38122,,1850,7.30,4.70 %,,
Braunschweig,38112,,1900,7.60,4.80 %,,
Braunschweig,gesamt,1276009003,2150,7.90,4.40 %,,
Bremen,28203,,3100,9.60,3.70 %,,
Bremen,28209,,3050,9.50,3.70 %,,
Bremen,28213,,2800,8.80,3.80 %,,
Bremen,28211,,2850,9.00,3.80 %,,
Bremen,28199,,2600,8.80,4.10 %,,
Bremen,28359,,2600,8.80,4.10 %,,
Bremen,28355,,2500,8.60,4.10 %,,
Bremen,28215,,2550,8.90,4.20 %,,
Bremen,28205,,2500,8.80,4.20 %,,
Bremen,28357,,2300,8.20,4.30 %,,
Bremen,28279,,2300,8.20,4.30 %,,
Bremen,28195,,2500,9.10,4.40 %,,
Bremen,28329,,2050,7.70,4.50 %,,
Bremen,28201,,2300,8.70,4.50 %,,
Bremen,28207,,2100,8.00,4.60 %,,
Bremen,28757,,1700,6.60,4.70 %,,
Bremen,28719,,1650,6.60,4.80 %,,
Bremen,28197,,1800,7.20,4.80 %,,
Bremen,28327,,1750,7.00,4.80 %,,
Bremen,28219,,1800,7.40,4.90 %,,
Bremen,28759,,1700,7.10,5.00 %,,
Bremen,28237,,1550,6.50,5.00 %,,
Bremen,28217,,2050,8.70,5.10 %,,
Bremen,28309,,1700,7.30,5.20 %,,
Bremen,28717,,1650,7.10,5.20 %,,
Bremen,28325,,1700,7.40,5.20 %,,
Bremen,28239,,1550,6.90,5.30 %,,
Bremen,28307,,1650,7.50,5.50 %,,
Bremen,28277,,1550,7.20,5.60 %,,
Bremen,27568,,1150,5.50,5.70 %,,
Bremen,28259,,1450,7.30,6.00 %,x,
Bremen,28755,,1200,6.50,6.50 %,x,
Bremen,28777,,1050,6.00,6.90 %,x,
Bremen,28779,,1050,6.20,7.10 %,x,
Bremen,gesamt,1276005001,2200,8.20,4.50 %,,
Bremerhaven,27572,,1100,5.50,6.00 %,x,
Bremerhaven,27574,,1200,6.10,6.10 %,x,
Bremerhaven,27580,,1100,5.90,6.40 %,x,
Bremerhaven,27570,,1000,5.60,6.70 %,x,
Bremerhaven,27578,,950,5.70,7.20 %,x,
Bremerhaven,27576,,800,5.20,7.80 %,x,
Bremerhaven,gesamt,1276005002,1050,5.50,6.30 %,x,
Castrop-Rauxel,44581,,1300,6.00,5.50 %,,
Castrop-Rauxel,44575,,1350,6.40,5.70 %,,
Castrop-Rauxel,44577,,1200,6.10,6.10 %,x,
Castrop-Rauxel,44579,,1200,6.20,6.20 %,x,
Castrop-Rauxel,gesamt,,1300,6.20,5.70 %,,
Celle,29221,,1250,6.50,6.20 %,x,
Celle,29223,,1200,6.40,6.40 %,x,
Celle,29227,,1050,6.20,7.10 %,x,
Celle,29225,,1050,6.50,7.40 %,x,
Celle,29229,,900,6.20,8.30 %,x,
Celle,gesamt,,1200,6.40,6.40 %,x,
Chemnitz,9112,,1100,5.40,5.90 %,,
Chemnitz,9117,,1100,5.50,6.00 %,x,
Chemnitz,9111,,1000,5.30,6.40 %,x,
Chemnitz,9128,,1050,5.60,6.40 %,x,
Chemnitz,9113,,950,5.20,6.60 %,x,
Chemnitz,9116,,950,5.30,6.70 %,x,
Chemnitz,9126,,900,5.20,6.90 %,x,
Chemnitz,9114,,900,5.30,7.10 %,x,
Chemnitz,9127,,900,5.40,7.20 %,x,
Chemnitz,9247,,900,5.60,7.50 %,x,
Chemnitz,9224,,900,5.60,7.50 %,x,
Chemnitz,9131,,800,5.00,7.50 %,x,
Chemnitz,9130,,750,4.70,7.50 %,x,
Chemnitz,9120,,800,5.20,7.80 %,x,
Chemnitz,9125,,800,5.30,8.00 %,x,
Chemnitz,9228,,750,5.10,8.20 %,x,
Chemnitz,9119,,750,5.10,8.20 %,x,
Chemnitz,9123,,700,5.10,8.70 %,x,
Chemnitz,9122,,650,5.00,9.20 %,x,
Chemnitz,gesamt,1276013004,900,5.20,6.90 %,x,
Cottbus,3046,,1250,6.10,5.90 %,,
Cottbus,3053,,1000,5.50,6.60 %,x,
Cottbus,3048,,1000,5.60,6.70 %,x,
Cottbus,3044,,1000,5.60,6.70 %,x,
Cottbus,3055,,1100,6.20,6.80 %,x,
Cottbus,3050,,1000,5.70,6.80 %,x,
Cottbus,3051,,1100,6.30,6.90 %,x,
Cottbus,3054,,1000,6.00,7.20 %,x,
Cottbus,3052,,900,5.50,7.30 %,x,
Cottbus,3042,,850,5.30,7.50 %,x,
Cottbus,gesamt,1276004003,1050,5.80,6.60 %,x,
Darmstadt,64287,,3400,11.00,3.90 %,,
Darmstadt,64283,,3350,10.90,3.90 %,,
Darmstadt,64285,,3550,11.60,3.90 %,,
Darmstadt,64293,,3250,10.90,4.00 %,,
Darmstadt,64291,,2900,10.00,4.10 %,,
Darmstadt,64297,,2650,9.90,4.50 %,,
Darmstadt,64295,,2850,10.90,4.60 %,,
Darmstadt,64289,,2500,9.90,4.80 %,,
Darmstadt,gesamt,1276007002,3150,10.70,4.10 %,,
Delmenhorst,27751,,1600,6.50,4.90 %,,
Delmenhorst,27749,,1550,6.50,5.00 %,,
Delmenhorst,27753,,1300,6.60,6.10 %,x,
Delmenhorst,27755,,1250,6.50,6.20 %,x,
Delmenhorst,gesamt,,1450,6.50,5.40 %,,
Dessau-Roßlau,6846,,1000,6.40,7.70 %,x,
Dessau-Roßlau,6844,,900,5.80,7.70 %,x,
Dessau-Roßlau,6847,,650,5.30,9.80 %,x,
Dessau-Roßlau,6862,,600,4.90,9.80 %,x,
Dessau-Roßlau,6842,,700,5.80,9.90 %,x,
Dessau-Roßlau,6849,,650,5.80,10.70 %,x,
Dessau-Roßlau,6861,,500,4.90,11.80 %,x,
Dessau-Roßlau,gesamt,,750,5.70,9.10 %,x,
Detmold,32760,,1300,6.30,5.80 %,,
Detmold,32756,,1300,6.60,6.10 %,x,
Detmold,32758,,1050,6.00,6.90 %,x,
Detmold,gesamt,,1250,6.40,6.10 %,x,
Dinslaken,46539,,1700,6.60,4.70 %,,
Dinslaken,46535,,1600,6.70,5.00 %,,
Dinslaken,46537,,1550,6.80,5.30 %,,
Dinslaken,gesamt,,1600,6.70,5.00 %,,
Dormagen,41542,,2150,7.50,4.20 %,,
Dormagen,41539,,2300,8.40,4.40 %,,
Dormagen,41541,,2000,8.30,5.00 %,,
Dormagen,41540,,1550,7.10,5.50 %,,
Dormagen,gesamt,,2100,8.00,4.60 %,,
Dorsten,46282,,1550,6.10,4.70 %,,
Dorsten,46286,,1250,5.50,5.30 %,,
Dorsten,46284,,1300,5.90,5.50 %,,
Dorsten,gesamt,,1400,5.90,5.10 %,,
Dortmund,44139,,2350,8.00,4.10 %,,
Dortmund,44267,,2050,7.40,4.30 %,,
Dortmund,44229,,2100,7.80,4.50 %,,
Dortmund,44137,,1950,7.50,4.60 %,,
Dortmund,44265,,1750,7.30,5.00 %,,
Dortmund,44141,,1850,7.80,5.10 %,,
Dortmund,44287,,1650,7.00,5.10 %,,
Dortmund,44289,,1500,6.40,5.10 %,,
Dortmund,44269,,1650,7.10,5.20 %,,
Dortmund,44227,,1650,7.20,5.20 %,,
Dortmund,44319,,1400,6.20,5.30 %,,
Dortmund,44143,,1600,7.10,5.30 %,,
Dortmund,44328,,1250,5.70,5.50 %,,
Dortmund,44263,,1650,7.60,5.50 %,,
Dortmund,44225,,1650,7.60,5.50 %,,
Dortmund,44329,,1300,6.00,5.50 %,,
Dortmund,44135,,1650,7.80,5.70 %,,
Dortmund,44309,,1450,6.90,5.70 %,,
Dortmund,44149,,1350,6.60,5.90 %,,
Dortmund,44388,,1250,6.20,6.00 %,x,
Dortmund,44359,,1250,6.50,6.20 %,x,
Dortmund,44379,,1200,6.40,6.40 %,x,
Dortmund,44339,,1300,7.00,6.50 %,x,
Dortmund,44357,,1200,6.50,6.50 %,x,
Dortmund,44147,,1150,6.50,6.80 %,x,
Dortmund,44369,,1250,7.10,6.80 %,x,
Dortmund,44145,,1050,6.40,7.30 %,x,
Dortmund,gesamt,1276010009,1500,7.00,5.60 %,,
Dresden,1324,,2650,8.00,3.60 %,,
Dresden,1309,,2350,7.80,4.00 %,,
Dresden,1326,,2450,8.20,4.00 %,,
Dresden,1277,,2200,7.70,4.20 %,,
Dresden,1156,,2000,7.20,4.30 %,,
Dresden,1099,,2250,8.10,4.30 %,,
Dresden,1307,,2050,7.50,4.40 %,,
Dresden,1259,,2000,7.40,4.40 %,,
Dresden,1187,,2100,7.80,4.50 %,,
Dresden,1157,,1900,7.20,4.60 %,,
Dresden,1279,,1900,7.30,4.60 %,,
Dresden,1109,,1950,7.50,4.60 %,,
Dresden,1217,,1900,7.40,4.70 %,,
Dresden,1097,,2050,8.00,4.70 %,,
Dresden,1067,,2000,7.80,4.70 %,,
Dresden,1159,,1850,7.30,4.70 %,,
Dresden,1069,,1950,7.70,4.70 %,,
Dresden,1127,,1850,7.30,4.70 %,,
Dresden,1139,,1800,7.20,4.80 %,,
Dresden,1257,,1700,6.80,4.80 %,,
Dresden,1129,,1850,7.40,4.80 %,,
Dresden,1189,,1750,7.20,4.90 %,,
Dresden,1219,,1750,7.30,5.00 %,,
Dresden,1239,,1550,6.50,5.00 %,,
Dresden,1237,,1600,6.90,5.20 %,,
Dresden,1108,,1650,7.40,5.40 %,,
Dresden,1328,,1550,7.10,5.50 %,,
Dresden,1465,,1550,7.10,5.50 %,,
Dresden,1169,,1350,6.60,5.90 %,,
Dresden,gesamt,1276013007,1950,7.60,4.70 %,,
Duisburg,47269,,1600,6.70,5.00 %,,
Duisburg,47239,,1550,6.50,5.00 %,,
Duisburg,47199,,1650,7.00,5.10 %,,
Duisburg,47051,,1350,6.40,5.70 %,,
Duisburg,47228,,1300,6.20,5.70 %,,
Duisburg,47058,,1400,6.70,5.70 %,,
Duisburg,47057,,1350,6.50,5.80 %,,
Duisburg,47259,,1300,6.40,5.90 %,,
Duisburg,47249,,1300,6.60,6.10 %,x,
Duisburg,47179,,1150,6.00,6.30 %,x,
Duisburg,47055,,1200,6.40,6.40 %,x,
Duisburg,47178,,1100,5.90,6.40 %,x,
Duisburg,47167,,1000,5.50,6.60 %,x,
Duisburg,47279,,1250,7.10,6.80 %,x,
Duisburg,47119,,950,5.50,7.00 %,x,
Duisburg,47059,,950,5.60,7.10 %,x,
Duisburg,47229,,1050,6.20,7.10 %,x,
Duisburg,47053,,950,5.70,7.20 %,x,
Duisburg,47198,,950,5.70,7.20 %,x,
Duisburg,47138,,900,5.70,7.60 %,x,
Duisburg,47137,,900,5.70,7.60 %,x,
Duisburg,47226,,850,5.70,8.10 %,x,
Duisburg,47166,,800,5.40,8.10 %,x,
Duisburg,47139,,800,5.50,8.30 %,x,
Duisburg,47169,,750,5.60,9.00 %,x,
Duisburg,gesamt,1276010010,1100,6.00,6.60 %,x,
Düren,52355,,1400,6.20,5.30 %,,
Düren,52353,,1250,6.20,6.00 %,x,
Düren,52349,,1250,6.40,6.10 %,x,
Düren,52351,,1200,6.30,6.30 %,x,
Düren,gesamt,,1250,6.30,6.10 %,x,
Düsseldorf,Oberkassel,,5000,13.30,3.20 %,,
Düsseldorf,Düsseltal,,3800,10.20,3.20 %,,
Düsseldorf,Pempelfort,,3800,10.60,3.40 %,,
Düsseldorf,Grafenberg,,3750,10.60,3.40 %,,
Düsseldorf,Flingern Nord,,3750,10.60,3.40 %,,
Düsseldorf,Friedrichstadt,,3400,9.90,3.50 %,,
Düsseldorf,Unterbilk,,4050,11.80,3.50 %,,
Düsseldorf,Hafen,,3500,10.30,3.50 %,,
Düsseldorf,Hamm,,3500,10.30,3.50 %,,
Düsseldorf,Volmerswerth,,3500,10.30,3.50 %,,
Düsseldorf,Bilk,,3750,11.10,3.60 %,,
Düsseldorf,Flehe,,3750,11.10,3.60 %,,
Düsseldorf,Lohausen,,3850,11.40,3.60 %,,
Düsseldorf,Golzheim,,3850,11.40,3.60 %,,
Düsseldorf,Stockum,,3850,11.40,3.60 %,,
Düsseldorf,Niederkassel,,4000,11.90,3.60 %,,
Düsseldorf,Lörick,,4000,11.90,3.60 %,,
Düsseldorf,Altstadt,,3800,11.40,3.60 %,,
Düsseldorf,Carlstadt,,3800,11.40,3.60 %,,
Düsseldorf,Angermund,,3650,11.00,3.60 %,,
Düsseldorf,Hubbelrath,,3450,10.40,3.60 %,,
Düsseldorf,Ludenberg,,3450,10.40,3.60 %,,
Düsseldorf,Knittkuhl,,3450,10.40,3.60 %,,
Düsseldorf,Kalkum,,3650,11.00,3.60 %,,
Düsseldorf,Wittlaer,,3650,11.00,3.60 %,,
Düsseldorf,Kaiserswerth,,3650,11.00,3.60 %,,
Düsseldorf,Stadtmitte,,3400,10.30,3.60 %,,
Düsseldorf,Heerdt,,3750,11.40,3.70 %,,
Düsseldorf,Benrath,,3150,9.70,3.70 %,,
Düsseldorf,Mörsenbroich,,3200,9.90,3.70 %,,
Düsseldorf,Urdenbach,,2950,9.20,3.70 %,,
Düsseldorf,Flingern Süd,,3300,10.50,3.80 %,,
Düsseldorf,Derendorf,,3000,9.60,3.80 %,,
Düsseldorf,Unterrath,,3000,9.60,3.80 %,,
Düsseldorf,Vennhausen,,2950,9.50,3.90 %,,
Düsseldorf,Unterbach,,2950,9.50,3.90 %,,
Düsseldorf,Gerresheim,,3000,9.70,3.90 %,,
Düsseldorf,Wersten,,2900,9.60,4.00 %,,
Düsseldorf,Rath,,2800,9.40,4.00 %,,
Düsseldorf,Lichtenbroich,,2800,9.40,4.00 %,,
Düsseldorf,Oberbilk,,2950,10.00,4.10 %,,
Düsseldorf,Lierenfeld,,2650,9.10,4.10 %,,
Düsseldorf,Hassels,,2550,9.00,4.20 %,,
Düsseldorf,Reisholz,,2550,9.00,4.20 %,,
Düsseldorf,Eller,,2550,9.00,4.20 %,,
Düsseldorf,Holthausen,,2600,9.60,4.40 %,,
Düsseldorf,Itter,,2600,9.60,4.40 %,,
Düsseldorf,Himmelgeist,,2600,9.60,4.40 %,,
Düsseldorf,Garath,,2200,8.70,4.80 %,,
Düsseldorf,Hellerhof,,2200,8.70,4.80 %,,
Düsseldorf,gesamt,1276010012,3500,10.60,3.60 %,,
Emden,26723,,1300,6.00,5.50 %,,
Emden,26721,,1000,6.20,7.40 %,x,
Emden,26725,,950,6.10,7.70 %,x,
Emden,gesamt,,1000,6.20,7.40 %,x,
Erfurt,99084,,2300,8.10,4.20 %,,
Erfurt,99094,,2300,8.40,4.40 %,,
Erfurt,99091,,1450,5.60,4.60 %,,
Erfurt,99096,,2100,8.20,4.70 %,,
Erfurt,99099,,1750,6.90,4.70 %,,
Erfurt,99097,,1400,6.00,5.10 %,,
Erfurt,99089,,1700,7.30,5.20 %,,
Erfurt,99092,,1800,7.80,5.20 %,,
Erfurt,99085,,1700,7.40,5.20 %,,
Erfurt,99086,,1600,7.00,5.30 %,,
Erfurt,99087,,1350,6.10,5.40 %,,
Erfurt,99098,,1550,7.30,5.70 %,,
Erfurt,99090,,1400,6.90,5.90 %,,
Erfurt,99095,,1350,6.80,6.00 %,x,
Erfurt,gesamt,1276016003,1750,7.30,5.00 %,,
Erlangen,91052,,3750,11.00,3.50 %,,
Erlangen,91054,,3650,11.00,3.60 %,,
Erlangen,91058,,3150,10.10,3.90 %,,
Erlangen,91056,,3000,9.70,3.90 %,,
Erlangen,gesamt,1276002029,3450,10.50,3.70 %,,
Eschweiler,52249,,1300,6.50,6.00 %,x,
Eschweiler,gesamt,,1300,6.50,6.00 %,x,
Essen,45131,,2500,8.40,4.00 %,,
Essen,45134,,2300,7.90,4.10 %,,
Essen,45133,,2550,9.00,4.20 %,,
Essen,45239,,2300,8.40,4.40 %,,
Essen,45259,,2200,8.30,4.50 %,,
Essen,45149,,2000,7.70,4.60 %,,
Essen,45289,,1950,7.50,4.60 %,,
Essen,45130,,2150,8.40,4.70 %,,
Essen,45257,,1850,7.70,5.00 %,,
Essen,45128,,1850,7.80,5.10 %,,
Essen,45147,,1700,7.30,5.20 %,,
Essen,45219,,1900,8.30,5.20 %,,
Essen,45136,,1650,7.40,5.40 %,,
Essen,45276,,1400,6.40,5.50 %,,
Essen,45359,,1500,7.00,5.60 %,,
Essen,45277,,1500,7.10,5.70 %,,
Essen,45138,,1400,6.70,5.70 %,,
Essen,45357,,1400,6.90,5.90 %,,
Essen,45309,,1300,6.40,5.90 %,,
Essen,45127,,1400,7.10,6.10 %,x,
Essen,45355,,1300,6.70,6.20 %,x,
Essen,45327,,1250,6.60,6.30 %,x,
Essen,45279,,1150,6.10,6.40 %,x,
Essen,45144,,1250,6.70,6.40 %,x,
Essen,45141,,1250,6.80,6.50 %,x,
Essen,45307,,1150,6.30,6.60 %,x,
Essen,45145,,1200,6.60,6.60 %,x,
Essen,45356,,1100,6.20,6.80 %,x,
Essen,45329,,1100,6.40,7.00 %,x,
Essen,45326,,1050,6.30,7.20 %,x,
Essen,45143,,1050,6.40,7.30 %,x,
Essen,45139,,1050,6.50,7.40 %,x,
Essen,gesamt,1276010015,1400,7.00,6.00 %,x,
Esslingen am Neckar,73734,,3300,10.70,3.90 %,,
Esslingen am Neckar,73728,,3350,11.00,3.90 %,,
Esslingen am Neckar,73732,,3250,10.70,4.00 %,,
Esslingen am Neckar,73730,,3050,10.40,4.10 %,,
Esslingen am Neckar,73733,,3150,11.50,4.40 %,,
Esslingen am Neckar,gesamt,1276001010,3250,10.90,4.00 %,,
Euskirchen,53879,,1700,6.70,4.70 %,,
Euskirchen,53881,,1650,6.50,4.70 %,,
Euskirchen,gesamt,,1700,6.60,4.70 %,,
Flensburg,24937,,1750,7.10,4.90 %,,
Flensburg,24944,,1650,6.70,4.90 %,,
Flensburg,24943,,1600,6.70,5.00 %,,
Flensburg,24941,,1400,6.70,5.70 %,,
Flensburg,24939,,1400,7.00,6.00 %,x,
Flensburg,gesamt,1276015002,1600,6.90,5.20 %,,
Frankfurt (Oder),15230,,1400,5.90,5.10 %,,
Frankfurt (Oder),15234,,1350,5.80,5.20 %,,
Frankfurt (Oder),15232,,1300,5.60,5.20 %,,
Frankfurt (Oder),gesamt,,1350,5.80,5.20 %,,
Frankfurt am Main,Westend-Süd,,7400,16.40,2.70 %,,
Frankfurt am Main,Ostend,,6400,14.70,2.80 %,,
Frankfurt am Main,Bahnhofsviertel,,5800,14.20,2.90 %,,
Frankfurt am Main,Gallus,,5500,13.80,3.00 %,,
Frankfurt am Main,Gutleutviertel,,5850,14.70,3.00 %,,
Frankfurt am Main,Bockenheim,,5600,14.20,3.00 %,,
Frankfurt am Main,Westend-Nord,,6600,16.80,3.10 %,,
Frankfurt am Main,Nordend-West,,5350,13.90,3.10 %,,
Frankfurt am Main,Dornbusch,,5350,13.90,3.10 %,,
Frankfurt am Main,Innenstadt,,5550,14.60,3.20 %,,
Frankfurt am Main,Altstadt,,5350,14.20,3.20 %,,
Frankfurt am Main,Bornheim,,5350,14.40,3.20 %,,
Frankfurt am Main,Sachsenhausen,,5300,14.40,3.30 %,,
Frankfurt am Main,Nordend-Ost,,4800,13.50,3.40 %,,
Frankfurt am Main,Seckbach,,4800,13.50,3.40 %,,
Frankfurt am Main,Ginnheim,,4500,13.10,3.50 %,,
Frankfurt am Main,Eckenheim,,4250,12.50,3.50 %,,
Frankfurt am Main,Berkersheim,,4250,12.50,3.50 %,,
Frankfurt am Main,Preungesheim,,4250,12.50,3.50 %,,
Frankfurt am Main,Bergen-Enkheim,,3900,11.60,3.60 %,,
Frankfurt am Main,Oberrad,,4250,12.90,3.60 %,,
Frankfurt am Main,Rödelheim,,3850,11.90,3.70 %,,
Frankfurt am Main,Heddernheim,,3750,11.90,3.80 %,,
Frankfurt am Main,Niederursel,,3750,11.90,3.80 %,,
Frankfurt am Main,Niederrad,,3950,12.60,3.80 %,,
Frankfurt am Main,"Sachsenhausen-S,",,3950,12.60,3.80 %,,
Frankfurt am Main,Hausen,,3750,12.20,3.90 %,,
Frankfurt am Main,Nieder-Erlenbach,,3450,11.20,3.90 %,,
Frankfurt am Main,Bonames,,3450,11.20,3.90 %,,
Frankfurt am Main,Kalbach-Riedberg,,3450,11.20,3.90 %,,
Frankfurt am Main,Harheim,,3450,11.20,3.90 %,,
Frankfurt am Main,Praunheim,,3750,12.20,3.90 %,,
Frankfurt am Main,Nieder-Eschbach,,3450,11.20,3.90 %,,
Frankfurt am Main,Fechenheim,,3250,10.60,3.90 %,,
Frankfurt am Main,Griesheim,,3500,11.40,3.90 %,,
Frankfurt am Main,Riederwald,,3250,10.60,3.90 %,,
Frankfurt am Main,Schwanheim,,3400,11.10,3.90 %,,
Frankfurt am Main,Unterliederbach,,3300,11.00,4.00 %,,
Frankfurt am Main,Höchst,,3300,11.00,4.00 %,,
Frankfurt am Main,Eschersheim,,3750,12.70,4.10 %,,
Frankfurt am Main,Frankfurter Berg,,3750,12.70,4.10 %,,
Frankfurt am Main,Nied,,3400,12.00,4.20 %,,
Frankfurt am Main,Zeilsheim,,2850,10.60,4.50 %,,
Frankfurt am Main,Sindlingen,,2850,10.60,4.50 %,,
Frankfurt am Main,Sossenheim,,2650,10.10,4.60 %,,
Frankfurt am Main,Flughafen,,2800,12.80,5.50 %,,
Frankfurt am Main,gesamt,1276004004,4850,14.00,3.50 %,,
Frechen,50226,,2700,8.80,3.90 %,,
Frechen,gesamt,,2700,8.80,3.90 %,,
Freiburg im Breisgau,79104,,5100,12.40,2.90 %,,
Freiburg im Breisgau,79102,,4750,12.10,3.10 %,,
Freiburg im Breisgau,79100,,4550,12.20,3.20 %,,
Freiburg im Breisgau,79117,,4200,11.30,3.20 %,,
Freiburg im Breisgau,79098,,4400,12.30,3.40 %,,
Freiburg im Breisgau,79106,,4150,12.00,3.50 %,,
Freiburg im Breisgau,79111,,4150,12.10,3.50 %,,
Freiburg im Breisgau,79110,,3900,11.50,3.50 %,,
Freiburg im Breisgau,79108,,3800,11.40,3.60 %,,
Freiburg im Breisgau,79115,,3850,11.60,3.60 %,,
Freiburg im Breisgau,79114,,3500,10.60,3.60 %,,
Freiburg im Breisgau,79112,,3050,9.40,3.70 %,,
Freiburg im Breisgau,gesamt,1276001011,4200,11.90,3.40 %,,
Friedrichshafen,88045,,3300,9.90,3.60 %,,
Friedrichshafen,88048,,3200,9.80,3.70 %,,
Friedrichshafen,88046,,2950,9.90,4.00 %,,
Friedrichshafen,gesamt,,3200,9.90,3.70 %,,
Fulda,36041,,1950,6.60,4.10 %,,
Fulda,36039,,2100,7.20,4.10 %,,
Fulda,36043,,1900,7.00,4.40 %,,
Fulda,36037,,2050,7.60,4.50 %,,
Fulda,gesamt,,2000,7.30,4.40 %,,
Fürth,90768,,2900,9.00,3.70 %,,
Fürth,90766,,2700,8.40,3.70 %,,
Fürth,90765,,2700,8.80,3.90 %,,
Fürth,90763,,2750,9.20,4.00 %,,
Fürth,90762,,2650,9.20,4.20 %,,
Fürth,gesamt,1276002035,2700,9.00,4.00 %,,
Garbsen,30823,,1900,7.00,4.40 %,,
Garbsen,30827,,1850,7.00,4.50 %,,
Garbsen,30826,,1650,6.80,5.00 %,,
Garbsen,gesamt,,1850,7.00,4.50 %,,
Gelsenkirchen,45894,,1400,6.40,5.50 %,,
Gelsenkirchen,45883,,1200,6.00,6.00 %,x,
Gelsenkirchen,45879,,1100,5.60,6.10 %,x,
Gelsenkirchen,45886,,1100,5.70,6.20 %,x,
Gelsenkirchen,45891,,1100,5.70,6.20 %,x,
Gelsenkirchen,45892,,1050,5.70,6.50 %,x,
Gelsenkirchen,45884,,1000,5.50,6.60 %,x,
Gelsenkirchen,45897,,1050,5.80,6.60 %,x,
Gelsenkirchen,45889,,950,5.30,6.70 %,x,
Gelsenkirchen,45899,,1000,5.80,7.00 %,x,
Gelsenkirchen,45888,,850,5.50,7.80 %,x,
Gelsenkirchen,45896,,850,5.60,7.90 %,x,
Gelsenkirchen,45881,,750,5.50,8.80 %,x,
Gelsenkirchen,gesamt,1276010017,1000,5.70,6.80 %,x,
Gera,7548,,850,5.30,7.50 %,x,
Gera,7552,,700,5.10,8.70 %,x,
Gera,7554,,650,4.90,9.10 %,x,
Gera,7545,,650,5.00,9.20 %,x,
Gera,7546,,650,5.10,9.40 %,x,
Gera,7549,,600,4.90,9.80 %,x,
Gera,7551,,550,4.90,10.70 %,x,
Gera,gesamt,,650,5.10,9.40 %,x,
Gießen,35390,,2600,9.00,4.20 %,,
Gießen,35394,,2600,9.10,4.20 %,,
Gießen,35396,,2250,8.00,4.30 %,,
Gießen,35392,,2400,8.90,4.50 %,,
Gießen,35398,,2250,8.40,4.50 %,,
Gießen,gesamt,,2450,8.80,4.30 %,,
Gladbeck,45964,,1250,6.00,5.80 %,,
Gladbeck,45966,,1000,5.90,7.10 %,x,
Gladbeck,45968,,950,6.40,8.10 %,x,
Gladbeck,gesamt,,1050,6.10,7.00 %,x,
Göppingen,73033,,2400,8.40,4.20 %,,
Göppingen,73035,,2300,8.40,4.40 %,,
Göppingen,73037,,2100,7.70,4.40 %,,
Göppingen,gesamt,,2300,8.30,4.30 %,,
Görlitz,2826,,800,4.80,7.20 %,x,
Görlitz,2827,,600,4.80,9.60 %,x,
Görlitz,2828,,500,4.50,10.80 %,x,
Görlitz,gesamt,,750,4.80,7.70 %,x,
Goslar,38640,,1000,5.90,7.10 %,x,
Goslar,38644,,700,5.40,9.30 %,x,
Goslar,38642,,750,5.90,9.40 %,x,
Goslar,38690,,600,5.40,10.80 %,x,
Goslar,gesamt,,850,5.80,8.20 %,x,
Göttingen,37085,,2500,8.90,4.30 %,,
Göttingen,37083,,2400,8.70,4.40 %,,
Göttingen,37077,,2200,8.70,4.80 %,,
Göttingen,37079,,1750,7.20,4.90 %,,
Göttingen,37073,,2250,9.50,5.10 %,,
Göttingen,37075,,2200,9.60,5.20 %,,
Göttingen,37081,,1750,8.00,5.50 %,,
Göttingen,gesamt,,2300,8.80,4.60 %,,
Greifswald,17489,,1900,8.10,5.10 %,,
Greifswald,17493,,1450,6.70,5.50 %,,
Greifswald,17491,,1150,5.70,6.00 %,x,
Greifswald,gesamt,,1800,7.50,5.00 %,,
Grevenbroich,41516,,1800,7.30,4.90 %,,
Grevenbroich,41515,,1800,7.30,4.90 %,,
Grevenbroich,41517,,1400,6.60,5.70 %,,
Grevenbroich,gesamt,,1700,7.20,5.10 %,,
Gummersbach,51645,,1300,5.90,5.50 %,,
Gummersbach,51643,,1300,6.30,5.80 %,,
Gummersbach,51647,,950,5.60,7.10 %,x,
Gummersbach,gesamt,,1250,6.10,5.90 %,,
Gütersloh,33332,,1750,7.00,4.80 %,,
Gütersloh,33335,,1700,6.80,4.80 %,,
Gütersloh,33330,,1650,6.70,4.90 %,,
Gütersloh,33334,,1600,6.80,5.10 %,,
Gütersloh,33333,,1550,7.10,5.50 %,,
Gütersloh,gesamt,,1700,6.80,4.80 %,,
Hagen,58099,,1250,5.60,5.40 %,,
Hagen,58119,,1150,5.50,5.70 %,,
Hagen,58093,,1200,6.00,6.00 %,x,
Hagen,58095,,1050,5.50,6.30 %,x,
Hagen,58135,,1050,5.60,6.40 %,x,
Hagen,58097,,1000,5.50,6.60 %,x,
Hagen,58091,,950,5.40,6.80 %,x,
Hagen,58089,,900,5.30,7.10 %,x,
Hagen,gesamt,1276010019,1050,5.50,6.30 %,x,
Halle (Saale),6114,,1650,6.80,5.00 %,,
Halle (Saale),6108,,1650,7.10,5.20 %,,
Halle (Saale),6110,,1300,6.00,5.50 %,,
Halle (Saale),6120,,1100,5.30,5.80 %,,
Halle (Saale),6112,,1100,6.00,6.60 %,x,
Halle (Saale),6116,,1150,6.30,6.60 %,x,
Halle (Saale),6118,,1100,6.30,6.90 %,x,
Halle (Saale),6122,,900,5.50,7.30 %,x,
Halle (Saale),6128,,950,5.80,7.30 %,x,
Halle (Saale),6130,,950,6.10,7.70 %,x,
Halle (Saale),6124,,800,5.30,8.00 %,x,
Halle (Saale),6126,,700,4.90,8.40 %,x,
Halle (Saale),6132,,650,5.10,9.40 %,x,
Halle (Saale),gesamt,,1200,6.10,6.10 %,x,
Hamburg,Harvestehude,,7300,15.40,2.50 %,,
Hamburg,Rotherbaum,,6900,15.00,2.60 %,,
Hamburg,Ottensen,,5850,13.60,2.80 %,,
Hamburg,Neustadt,,6100,14.40,2.80 %,,
Hamburg,Eppendorf,,5800,13.80,2.90 %,,
Hamburg,Hoheluft-Ost,,5800,13.80,2.90 %,,
Hamburg,"St, Georg",,6050,14.70,2.90 %,,
Hamburg,Uhlenhorst,,5850,14.30,2.90 %,,
Hamburg,Sternschanze,,5800,14.20,2.90 %,,
Hamburg,Othmarschen,,5600,13.70,2.90 %,,
Hamburg,Alsterdorf,,4950,12.30,3.00 %,,
Hamburg,Altona-Altstadt,,5500,13.70,3.00 %,,
Hamburg,HafenCity,,6650,16.70,3.00 %,,
Hamburg,"St, Pauli",,5600,14.10,3.00 %,,
Hamburg,Groß Flottbek,,5150,13.00,3.00 %,,
Hamburg,Winterhude,,5500,14.00,3.10 %,,
Hamburg,Blankenese,,5300,13.50,3.10 %,,
Hamburg,Eimsbüttel,,5450,13.90,3.10 %,,
Hamburg,Hoheluft-West,,5250,13.70,3.10 %,,
Hamburg,Hohenfelde,,5100,13.40,3.20 %,,
Hamburg,Barmbek-Süd,,4800,12.70,3.20 %,,
Hamburg,Eilbek,,4250,11.30,3.20 %,,
Hamburg,Altona-Nord,,4900,13.10,3.20 %,,
Hamburg,Hammerbrook,,5100,13.70,3.20 %,,
Hamburg,Lokstedt,,4500,12.10,3.20 %,,
Hamburg,Barmbek-Nord,,4300,11.70,3.30 %,,
Hamburg,Ohlsdorf,,4000,10.90,3.30 %,,
Hamburg,Nienstedten,,5150,14.10,3.30 %,,
Hamburg,Hamm,,3600,10.00,3.30 %,,
Hamburg,Sülldorf,,3850,10.70,3.30 %,,
Hamburg,Iserbrook,,3850,10.70,3.30 %,,
Hamburg,Borgfelde,,3900,11.00,3.40 %,,
Hamburg,Waltershof und Finkenwerder,,2850,8.10,3.40 %,,
Hamburg,Cranz,,2850,8.10,3.40 %,,
Hamburg,Neuenfelde,,2850,8.10,3.40 %,,
Hamburg,Francop,,2850,8.10,3.40 %,,
Hamburg,Wellingsbüttel,,4050,11.60,3.40 %,,
Hamburg,Duvenstedt,,3650,10.50,3.50 %,,
Hamburg,Wohldorf-Ohlstedt,,3650,10.50,3.50 %,,
Hamburg,Lemsahl-Mellingstedt,,3650,10.50,3.50 %,,
Hamburg,Fuhlsbüttel,,3750,10.80,3.50 %,,
Hamburg,Neuallermöhe,,3350,9.70,3.50 %,,
Hamburg,Dulsberg,,3700,10.70,3.50 %,,
Hamburg,Wandsbek,,3750,10.90,3.50 %,,
Hamburg,Veddel,,3300,9.60,3.50 %,,
Hamburg,Rothenburgsort,,3300,9.60,3.50 %,,
Hamburg,Marienthal,,3750,10.90,3.50 %,,
Hamburg,Jenfeld,,3750,10.90,3.50 %,,
Hamburg,Farmsen-Berne,,3250,9.50,3.50 %,,
Hamburg,Volksdorf,,3800,11.10,3.50 %,,
Hamburg,Schnelsen,,3400,10.00,3.50 %,,
Hamburg,Wilhelmsburg,,3300,9.70,3.50 %,,
Hamburg,Bramfeld,,3300,9.70,3.50 %,,
Hamburg,Poppenbüttel,,3550,10.50,3.60 %,,
Hamburg,Hummelsbüttel,,3600,10.70,3.60 %,,
Hamburg,Niendorf,,3800,11.30,3.60 %,,
Hamburg,Groß Borstel,,3800,11.30,3.60 %,,
Hamburg,Sasel,,3550,10.60,3.60 %,,
Hamburg,Langenhorn,,3550,10.70,3.60 %,,
Hamburg,Lohbrügge,,3100,9.40,3.60 %,,
Hamburg,Billwerder,,3100,9.40,3.60 %,,
Hamburg,Osdorf,,3350,10.20,3.70 %,,
Hamburg,Steilshoop,,3150,9.60,3.70 %,,
Hamburg,Lurup,,3050,9.30,3.70 %,,
Hamburg,Stellingen,,3700,11.40,3.70 %,,
Hamburg,Bahrenfeld,,3700,11.40,3.70 %,,
Hamburg,Rissen,,3400,10.50,3.70 %,,
Hamburg,Horn,,3200,9.90,3.70 %,,
Hamburg,Bergedorf,,3300,10.20,3.70 %,,
Hamburg,Hamburg-Altstadt,,4000,12.40,3.70 %,,
Hamburg,Heimfeld,,2950,9.20,3.70 %,,
Hamburg,Bergstedt,,3450,10.80,3.80 %,,
Hamburg,Ochsenwerder,,2900,9.20,3.80 %,,
Hamburg,Allermöhe,,2900,9.20,3.80 %,,
Hamburg,Reitbrook,,2900,9.20,3.80 %,,
Hamburg,Spadenland,,2900,9.20,3.80 %,,
Hamburg,Kirchwerder,,2900,9.20,3.80 %,,
Hamburg,Tatenberg,,2900,9.20,3.80 %,,
Hamburg,Eidelstedt,,3200,10.20,3.80 %,,
Hamburg,Tonndorf,,3100,9.90,3.80 %,,
Hamburg,Neuengamme,,2750,8.80,3.80 %,,
Hamburg,Curslack,,2750,8.80,3.80 %,,
Hamburg,Altengamme,,2750,8.80,3.80 %,,
Hamburg,Langenbek,,2800,9.00,3.90 %,,
Hamburg,Moorburg und Altenwerder,,2800,9.00,3.90 %,,
Hamburg,Harburg,,2800,9.00,3.90 %,,
Hamburg,Rönneburg,,2800,9.00,3.90 %,,
Hamburg,Neuland und Gut Moor,,2800,9.00,3.90 %,,
Hamburg,Rahlstedt,,3000,9.70,3.90 %,,
Hamburg,Billstedt,,2900,9.40,3.90 %,,
Hamburg,Wilstorf,,2800,9.10,3.90 %,,
Hamburg,Eißendorf,,2800,9.10,3.90 %,,
Hamburg,Marmstorf,,2800,9.10,3.90 %,,
Hamburg,Sinstorf,,2800,9.10,3.90 %,,
Hamburg,Hausbruch,,2600,8.60,4.00 %,,
Hamburg,Neugraben-Fischbek,,2600,8.60,4.00 %,,
Hamburg,Moorfleet,,2750,9.50,4.20 %,,
Hamburg,Billbrook,,2750,9.50,4.20 %,,
Hamburg,gesamt,,4050,11.60,3.40 %,,
Hameln,31787,,1000,5.60,6.70 %,x,
Hameln,31789,,950,5.60,7.10 %,x,
Hameln,31785,,1000,6.00,7.20 %,x,
Hameln,gesamt,,1000,5.80,7.00 %,x,
Hamm,59069,,1400,6.20,5.30 %,,
Hamm,59071,,1350,6.10,5.40 %,,
Hamm,59063,,1350,6.30,5.60 %,,
Hamm,59073,,1200,5.80,5.80 %,,
Hamm,59075,,1200,5.90,5.90 %,,
Hamm,59077,,1150,5.70,6.00 %,x,
Hamm,59065,,1200,6.00,6.00 %,x,
Hamm,59067,,1150,5.90,6.20 %,x,
Hamm,gesamt,1276010020,1250,6.00,5.80 %,,
Hanau,63450,,2300,8.80,4.60 %,,
Hanau,63456,,2300,8.80,4.60 %,,
Hanau,63457,,2200,8.60,4.70 %,,
Hanau,63452,,2150,8.80,4.90 %,,
Hanau,63454,,1950,8.40,5.20 %,,
Hanau,gesamt,,2250,8.70,4.60 %,,
Hannover,30173,,3300,8.80,3.20 %,,
Hannover,30171,,3100,8.90,3.50 %,,
Hannover,30159,,3000,8.80,3.50 %,,
Hannover,30161,,3050,9.30,3.70 %,,
Hannover,30169,,3000,9.20,3.70 %,,
Hannover,30175,,3200,10.00,3.80 %,,
Hannover,30163,,2900,9.10,3.80 %,,
Hannover,30167,,2800,8.80,3.80 %,,
Hannover,30625,,2600,8.40,3.90 %,,
Hannover,30659,,2550,8.60,4.10 %,,
Hannover,30519,,2550,8.60,4.10 %,,
Hannover,30559,,2450,8.40,4.10 %,,
Hannover,30539,,2300,7.90,4.10 %,,
Hannover,30165,,2350,8.30,4.20 %,,
Hannover,30449,,2400,8.60,4.30 %,,
Hannover,30451,,2350,8.50,4.30 %,,
Hannover,30177,,2450,8.90,4.40 %,,
Hannover,30655,,2350,8.60,4.40 %,,
Hannover,30453,,2100,7.70,4.40 %,,
Hannover,30657,,2250,8.30,4.40 %,,
Hannover,30455,,1950,7.40,4.60 %,,
Hannover,30629,,2050,7.80,4.60 %,,
Hannover,30419,,2150,8.20,4.60 %,,
Hannover,30457,,1900,7.30,4.60 %,,
Hannover,30627,,2000,7.90,4.70 %,,
Hannover,30179,,1950,7.80,4.80 %,,
Hannover,30459,,2050,8.30,4.90 %,,
Hannover,gesamt,1276009017,2450,8.50,4.20 %,,
Hattingen,45527,,1450,6.50,5.40 %,,
Hattingen,45529,,1450,6.60,5.50 %,,
Hattingen,45525,,1400,6.60,5.70 %,,
Hattingen,gesamt,,1450,6.60,5.50 %,,
Heidelberg,69120,,5400,13.40,3.00 %,,
Heidelberg,69115,,4300,12.60,3.50 %,,
Heidelberg,69117,,4250,12.50,3.50 %,,
Heidelberg,69121,,4000,11.90,3.60 %,,
Heidelberg,69123,,2850,9.40,4.00 %,,
Heidelberg,69124,,3000,10.20,4.10 %,,
Heidelberg,69126,,2800,9.80,4.20 %,,
Heidelberg,69118,,2800,9.90,4.20 %,,
Heidelberg,gesamt,1276001014,3450,11.30,3.90 %,,
Heilbronn,74074,,2850,9.40,4.00 %,,
Heilbronn,74081,,2700,9.20,4.10 %,,
Heilbronn,74078,,2600,9.00,4.20 %,,
Heilbronn,74080,,2550,9.30,4.40 %,,
Heilbronn,74076,,2750,10.30,4.50 %,,
Heilbronn,74072,,2650,10.30,4.70 %,,
Heilbronn,gesamt,1276001016,2650,9.70,4.40 %,,
Herford,32052,,1350,6.20,5.50 %,,
Herford,32049,,1200,5.80,5.80 %,,
Herford,32051,,1100,5.70,6.20 %,x,
Herford,gesamt,,1200,5.90,5.90 %,,
Herne,44651,,1200,5.90,5.90 %,,
Herne,44627,,1200,6.00,6.00 %,x,
Herne,44625,,1200,6.10,6.10 %,x,
Herne,44629,,1050,5.70,6.50 %,x,
Herne,44623,,1100,6.00,6.60 %,x,
Herne,44652,,1100,6.00,6.60 %,x,
Herne,44653,,1050,5.90,6.70 %,x,
Herne,44649,,1050,5.90,6.70 %,x,
Herne,44628,,1000,5.90,7.10 %,x,
Herne,gesamt,,1100,5.90,6.40 %,x,
Herten,45699,,1150,5.80,6.10 %,x,
Herten,45701,,1100,5.90,6.40 %,x,
Herten,gesamt,,1100,5.80,6.30 %,x,
Hilden,40721,,2450,8.70,4.30 %,,
Hilden,40723,,2300,8.70,4.50 %,,
Hilden,40724,,2150,8.50,4.70 %,,
Hilden,gesamt,,2350,8.60,4.40 %,,
Hildesheim,31141,,1500,6.50,5.20 %,,
Hildesheim,31134,,1450,6.60,5.50 %,,
Hildesheim,31139,,1350,6.50,5.80 %,,
Hildesheim,31135,,1300,6.40,5.90 %,,
Hildesheim,31137,,1200,6.40,6.40 %,x,
Hildesheim,gesamt,,1400,6.50,5.60 %,,
Hürth,50354,,2750,9.10,4.00 %,,
Hürth,gesamt,,2750,9.10,4.00 %,,
Ibbenbüren,49479,,1500,5.60,4.50 %,,
Ibbenbüren,49477,,1650,6.20,4.50 %,,
Ibbenbüren,gesamt,,1600,6.10,4.60 %,,
Ingolstadt,85051,,4050,10.90,3.20 %,,
Ingolstadt,85055,,3900,10.80,3.30 %,,
Ingolstadt,85049,,4000,11.10,3.30 %,,
Ingolstadt,85053,,4100,11.50,3.40 %,,
Ingolstadt,85057,,3600,10.80,3.60 %,,
Ingolstadt,gesamt,1276002042,4000,11.00,3.30 %,,
Iserlohn,58642,,1300,5.80,5.40 %,,
Iserlohn,58640,,1300,5.90,5.50 %,,
Iserlohn,58636,,1100,6.20,6.80 %,x,
Iserlohn,58644,,1000,5.70,6.80 %,x,
Iserlohn,58638,,1000,5.70,6.80 %,x,
Iserlohn,gesamt,,1100,5.90,6.40 %,x,
Jena,7749,,2400,8.70,4.40 %,,
Jena,7743,,2200,8.80,4.80 %,,
Jena,7745,,2000,8.20,4.90 %,,
Jena,7747,,1550,6.80,5.30 %,,
Jena,gesamt,1276016009,2150,8.60,4.80 %,,
Kaiserslautern,67655,,1500,6.90,5.50 %,,
Kaiserslautern,67659,,1300,6.10,5.60 %,,
Kaiserslautern,67663,,1400,6.60,5.70 %,,
Kaiserslautern,67657,,1300,6.60,6.10 %,x,
Kaiserslautern,67661,,1250,6.40,6.10 %,x,
Kaiserslautern,gesamt,1276011014,1400,6.70,5.70 %,,
Karlsruhe,76137,,3500,10.10,3.50 %,,
Karlsruhe,76135,,3250,9.50,3.50 %,,
Karlsruhe,76199,,3150,9.30,3.50 %,,
Karlsruhe,76185,,3350,9.90,3.60 %,,
Karlsruhe,76133,,3350,9.90,3.60 %,,
Karlsruhe,76187,,3100,9.30,3.60 %,,
Karlsruhe,76227,,3150,9.50,3.60 %,,
Karlsruhe,76131,,3200,9.80,3.70 %,,
Karlsruhe,76139,,3150,9.70,3.70 %,,
Karlsruhe,76189,,3100,9.70,3.80 %,,
Karlsruhe,76229,,2900,9.10,3.80 %,,
Karlsruhe,76149,,3000,9.50,3.80 %,,
Karlsruhe,76228,,2650,8.60,3.90 %,,
Karlsruhe,gesamt,1276001019,3200,9.60,3.60 %,,
Kassel,34130,,2100,7.60,4.30 %,,
Kassel,34119,,2150,7.90,4.40 %,,
Kassel,34131,,2300,8.50,4.40 %,,
Kassel,34128,,2100,7.90,4.50 %,,
Kassel,34121,,2000,7.70,4.60 %,,
Kassel,34117,,2000,7.90,4.70 %,,
Kassel,34125,,1700,6.90,4.90 %,,
Kassel,34132,,1700,7.00,4.90 %,,
Kassel,34123,,1650,6.80,5.00 %,,
Kassel,34134,,1600,7.10,5.30 %,,
Kassel,34127,,1350,6.90,6.10 %,x,
Kassel,gesamt,1276004010,1950,7.60,4.70 %,,
Kempten (Allgäu),87435,,2850,9.00,3.80 %,,
Kempten (Allgäu),87439,,2700,8.80,3.90 %,,
Kempten (Allgäu),87437,,2700,9.20,4.10 %,,
Kempten (Allgäu),gesamt,,2800,9.00,3.90 %,,
Kerpen,50170,,1700,7.40,5.20 %,,
Kerpen,50171,,1600,7.40,5.60 %,,
Kerpen,50169,,1450,7.60,6.30 %,x,
Kerpen,gesamt,,1600,7.40,5.60 %,,
Kiel,24116,,2800,8.10,3.50 %,,
Kiel,24105,,3100,9.00,3.50 %,,
Kiel,24118,,3000,8.70,3.50 %,,
Kiel,24103,,3000,8.90,3.60 %,,
Kiel,24106,,2600,8.20,3.80 %,,
Kiel,24111,,2450,7.90,3.90 %,,
Kiel,24114,,2350,8.30,4.20 %,,
Kiel,24145,,2200,7.80,4.30 %,,
Kiel,24159,,2150,7.70,4.30 %,,
Kiel,24147,,1950,7.50,4.60 %,,
Kiel,24149,,1800,7.20,4.80 %,,
Kiel,24146,,1700,7.10,5.00 %,,
Kiel,24148,,1600,7.10,5.30 %,,
Kiel,24109,,1550,7.10,5.50 %,,
Kiel,24143,,1500,7.10,5.70 %,,
Kiel,gesamt,1276015004,2350,8.00,4.10 %,,
Kleve,47533,,1450,6.60,5.50 %,,
Kleve,gesamt,,1450,6.60,5.50 %,,
Koblenz,56075,,2650,7.60,3.40 %,,
Koblenz,56072,,2550,7.50,3.50 %,,
Koblenz,56076,,2300,7.40,3.90 %,,
Koblenz,56077,,2150,7.10,4.00 %,,
Koblenz,56068,,2450,8.10,4.00 %,,
Koblenz,56070,,2100,7.20,4.10 %,,
Koblenz,56073,,2250,8.30,4.40 %,,
Koblenz,gesamt,1276011016,2400,7.70,3.90 %,,
Köln,Altstadt-Süd,,4550,12.20,3.20 %,,
Köln,Braunsfeld,,4300,11.90,3.30 %,,
Köln,Marienburg,,4300,11.90,3.30 %,,
Köln,Bayenthal,,4300,11.90,3.30 %,,
Köln,Raderberg,,4300,11.90,3.30 %,,
Köln,Müngersdorf,,4300,11.90,3.30 %,,
Köln,Lindenthal,,4400,12.30,3.40 %,,
Köln,Neustadt/Nord,,4400,12.40,3.40 %,,
Köln,Neustadt/Süd,,4500,12.90,3.40 %,,
Köln,Sülz,,4050,12.00,3.60 %,,
Köln,Deutz,,3800,11.30,3.60 %,,
Köln,Nippes,,3950,11.90,3.60 %,,
Köln,Niehl,,3450,10.60,3.70 %,,
Köln,Riehl,,3450,10.60,3.70 %,,
Köln,Klettenberg,,3900,12.10,3.70 %,,
Köln,Hahnwald,,3550,11.10,3.80 %,,
Köln,Rodenkirchen,,3550,11.10,3.80 %,,
Köln,Ehrenfeld,,3850,12.10,3.80 %,,
Köln,Neuehrenfeld,,3850,12.10,3.80 %,,
Köln,Zollstock,,3550,11.20,3.80 %,,
Köln,Blumenberg,,2700,8.60,3.80 %,,
Köln,Auweiler,,2700,8.60,3.80 %,,
Köln,Volkhoven/Weiler,,2700,8.60,3.80 %,,
Köln,Chorweiler,,2700,8.60,3.80 %,,
Köln,Altstadt-Nord,,3300,10.70,3.90 %,,
Köln,Bickendorf,,3200,10.40,3.90 %,,
Köln,Bilderstöckchen,,3000,9.90,4.00 %,,
Köln,Mauenheim,,3000,9.90,4.00 %,,
Köln,Weidenpesch,,3050,10.10,4.00 %,,
Köln,Longerich,,3050,10.10,4.00 %,,
Köln,Dünnwald,,2800,9.30,4.00 %,,
Köln,Dellbrück,,2800,9.30,4.00 %,,
Köln,Höhenhaus,,2650,8.90,4.00 %,,
Köln,Stammheim,,2650,8.90,4.00 %,,
Köln,Flittard,,2650,8.90,4.00 %,,
Köln,Buchforst,,2900,9.80,4.10 %,,
Köln,Junkersdorf,,3350,11.40,4.10 %,,
Köln,Weiß,,3100,10.60,4.10 %,,
Köln,Sürth,,3100,10.60,4.10 %,,
Köln,Buchheim,,2750,9.40,4.10 %,,
Köln,Holweide,,2750,9.40,4.10 %,,
Köln,Lövenich,,2900,9.90,4.10 %,,
Köln,Widdersdorf,,2900,9.90,4.10 %,,
Köln,Weiden,,2900,9.90,4.10 %,,
Köln,Westhoven,,2600,9.00,4.20 %,,
Köln,Gremberghoven,,2600,9.00,4.20 %,,
Köln,Ensen,,2600,9.00,4.20 %,,
Köln,Finkenberg,,2600,9.00,4.20 %,,
Köln,Vingst,,2650,9.20,4.20 %,,
Köln,Rath/Heumar,,2650,9.20,4.20 %,,
Köln,Ostheim,,2650,9.20,4.20 %,,
Köln,Worringen,,2500,8.70,4.20 %,,
Köln,Fühlingen,,2500,8.70,4.20 %,,
Köln,Roggendorf/Thenhoven,,2500,8.70,4.20 %,,
Köln,Merkenich,,2500,8.70,4.20 %,,
Köln,Seeberg,,2500,8.70,4.20 %,,
Köln,Mülheim,,2950,10.40,4.20 %,,
Köln,Lindweiler,,2550,9.00,4.20 %,,
Köln,Pesch,,2550,9.00,4.20 %,,
Köln,Heimersdorf,,2550,9.00,4.20 %,,
Köln,Urbach,,2400,8.60,4.30 %,,
Köln,Elsdorf,,2400,8.60,4.30 %,,
Köln,Bocklemünd/Mengenich,,2700,9.70,4.30 %,,
Köln,Ossendorf,,2700,9.70,4.30 %,,
Köln,Vogelsang,,2700,9.70,4.30 %,,
Köln,Langel,,2500,9.10,4.40 %,,
Köln,Zündorf,,2500,9.10,4.40 %,,
Köln,Porz,,2500,9.10,4.40 %,,
Köln,Poll,,2650,10.00,4.50 %,,
Köln,Humboldt/Gremberg,,2650,10.00,4.50 %,,
Köln,Merheim,,2400,9.10,4.60 %,,
Köln,Neubrück,,2400,9.10,4.60 %,,
Köln,Brück,,2400,9.10,4.60 %,,
Köln,Raderthal,,2450,9.30,4.60 %,,
Köln,Immendorf,,2450,9.30,4.60 %,,
Köln,Rondorf,,2450,9.30,4.60 %,,
Köln,Meschenich,,2450,9.30,4.60 %,,
Köln,Godorf,,2450,9.30,4.60 %,,
Köln,Wahn,,2250,8.80,4.70 %,,
Köln,Libur,,2250,8.80,4.70 %,,
Köln,Grengel,,2250,8.80,4.70 %,,
Köln,Wahnheide,,2250,8.80,4.70 %,,
Köln,Eil,,2250,8.80,4.70 %,,
Köln,Lind,,2250,8.80,4.70 %,,
Köln,Kalk,,2400,9.60,4.80 %,,
Köln,Höhenberg,,2400,9.60,4.80 %,,
Köln,gesamt,1276010028,3450,10.90,3.80 %,,
Konstanz,78462,,4700,12.10,3.10 %,,
Konstanz,78465,,4150,10.90,3.20 %,,
Konstanz,78464,,4550,12.10,3.20 %,,
Konstanz,78467,,4250,12.00,3.40 %,,
Konstanz,gesamt,1276001021,4450,11.90,3.20 %,,
Krefeld,47802,,2250,8.00,4.30 %,,
Krefeld,47800,,1900,7.40,4.70 %,,
Krefeld,47839,,1750,6.90,4.70 %,,
Krefeld,47829,,1550,6.90,5.30 %,,
Krefeld,47807,,1500,6.90,5.50 %,,
Krefeld,47809,,1450,6.70,5.50 %,,
Krefeld,47804,,1350,6.60,5.90 %,,
Krefeld,47803,,1300,6.60,6.10 %,x,
Krefeld,47799,,1300,6.70,6.20 %,x,
Krefeld,47798,,1250,6.70,6.40 %,x,
Krefeld,47805,,1200,6.50,6.50 %,x,
Krefeld,gesamt,,1400,6.80,5.80 %,,
Landshut,84028,,3800,9.70,3.10 %,,
Landshut,84034,,3500,9.60,3.30 %,,
Landshut,gesamt,,3600,9.60,3.20 %,,
"Langenfeld (Rhld,)",40764,,2550,8.70,4.10 %,,
Langenfeld (Rhld.),gesamt,,2550,8.70,4.10 %,,
Langenhagen,30853,,2350,8.30,4.20 %,,
Langenhagen,30855,,2000,7.50,4.50 %,,
Langenhagen,30851,,2000,7.70,4.60 %,,
Langenhagen,gesamt,,2200,8.10,4.40 %,,
Leipzig,4105,,2550,7.80,3.70 %,,
Leipzig,4103,,2450,7.70,3.80 %,,
Leipzig,4107,,2500,8.00,3.80 %,,
Leipzig,4109,,2350,7.60,3.90 %,,
Leipzig,4275,,2200,7.50,4.10 %,,
Leipzig,4229,,2050,7.30,4.30 %,,
Leipzig,4277,,1950,7.00,4.30 %,,
Leipzig,4317,,1800,6.60,4.40 %,,
Leipzig,4155,,1850,6.80,4.40 %,,
Leipzig,4157,,1850,6.90,4.50 %,,
Leipzig,4177,,1750,6.60,4.50 %,,
Leipzig,4129,,1750,6.60,4.50 %,,
Leipzig,4178,,1650,6.40,4.70 %,,
Leipzig,4347,,1550,6.00,4.70 %,,
Leipzig,4179,,1650,6.40,4.70 %,,
Leipzig,4299,,1700,6.80,4.80 %,,
Leipzig,4279,,1600,6.40,4.80 %,,
Leipzig,4315,,1550,6.40,5.00 %,,
Leipzig,4159,,1550,6.40,5.00 %,,
Leipzig,4357,,1400,5.80,5.00 %,,
Leipzig,4316,,1600,6.70,5.00 %,,
Leipzig,4329,,1450,6.10,5.10 %,,
Leipzig,4158,,1600,6.80,5.10 %,,
Leipzig,4318,,1400,6.00,5.10 %,,
Leipzig,4207,,1300,5.60,5.20 %,,
Leipzig,4249,,1450,6.40,5.30 %,,
Leipzig,4319,,1400,6.20,5.30 %,,
Leipzig,4356,,1450,6.50,5.40 %,,
Leipzig,4288,,1400,6.40,5.50 %,,
Leipzig,4209,,1150,5.30,5.50 %,,
Leipzig,4328,,1300,6.00,5.50 %,,
Leipzig,4289,,1400,6.50,5.60 %,,
Leipzig,4349,,1350,6.30,5.60 %,,
Leipzig,4205,,1150,5.40,5.60 %,,
Leipzig,gesamt,1276013012,1750,6.70,4.60 %,,
Leverkusen,51375,,2600,8.40,3.90 %,,
Leverkusen,51379,,2050,7.60,4.50 %,,
Leverkusen,51381,,1950,7.40,4.60 %,,
Leverkusen,51371,,2100,8.00,4.60 %,,
Leverkusen,51373,,1950,8.00,4.90 %,,
Leverkusen,51377,,1750,7.40,5.10 %,,
Leverkusen,gesamt,,2050,7.80,4.60 %,,
Lingen (Ems),49808,,1700,6.10,4.30 %,,
Lingen (Ems),49809,,1550,6.20,4.80 %,,
Lingen (Ems),49811,,1300,5.40,5.00 %,,
Lingen (Ems),gesamt,,1650,6.10,4.40 %,,
Lippstadt,59556,,1700,6.00,4.20 %,,
Lippstadt,59555,,1500,6.20,5.00 %,,
Lippstadt,59558,,1400,5.80,5.00 %,,
Lippstadt,59557,,1400,6.10,5.20 %,,
Lippstadt,gesamt,,1500,6.00,4.80 %,,
Lübeck,23570,,3400,9.10,3.20 %,,
Lübeck,23552,,2650,8.60,3.90 %,,
Lübeck,23564,,2400,8.40,4.20 %,,
Lübeck,23568,,2100,7.80,4.50 %,,
Lübeck,23554,,2000,7.70,4.60 %,,
Lübeck,23562,,2000,8.10,4.90 %,,
Lübeck,23556,,1900,7.90,5.00 %,,
Lübeck,23566,,1850,7.70,5.00 %,,
Lübeck,23558,,1900,8.10,5.10 %,,
Lübeck,23569,,1450,6.50,5.40 %,,
Lübeck,23560,,1550,7.50,5.80 %,,
Lübeck,gesamt,1276015005,2150,8.20,4.60 %,,
Lüdenscheid,58515,,1200,5.60,5.60 %,,
Lüdenscheid,58509,,1300,6.20,5.70 %,,
Lüdenscheid,58511,,1250,6.10,5.90 %,,
Lüdenscheid,58513,,1050,5.20,5.90 %,,
Lüdenscheid,58507,,1100,5.80,6.30 %,x,
Lüdenscheid,gesamt,,1200,6.00,6.00 %,x,
Ludwigsburg,71636,,3550,11.50,3.90 %,,
Ludwigsburg,71638,,3450,11.80,4.10 %,,
Ludwigsburg,71640,,3350,11.80,4.20 %,,
Ludwigsburg,71634,,3500,12.40,4.30 %,,
Ludwigsburg,71642,,3050,11.00,4.30 %,,
Ludwigsburg,gesamt,1276001022,3400,11.70,4.10 %,,
Ludwigshafen am Rhein,67067,,2100,7.70,4.40 %,,
Ludwigshafen am Rhein,67071,,2100,8.00,4.60 %,,
Ludwigshafen am Rhein,67063,,1900,8.20,5.20 %,,
Ludwigshafen am Rhein,67061,,1950,8.50,5.20 %,,
Ludwigshafen am Rhein,67065,,1800,8.20,5.50 %,,
Ludwigshafen am Rhein,67069,,1700,7.90,5.60 %,,
Ludwigshafen am Rhein,67059,,1800,8.40,5.60 %,,
Ludwigshafen am Rhein,gesamt,,1900,8.10,5.10 %,,
Lüneburg,21335,,2700,9.00,4.00 %,,
Lüneburg,21339,,2400,8.90,4.50 %,,
Lüneburg,21337,,2300,9.30,4.90 %,,
Lüneburg,gesamt,,2550,9.00,4.20 %,,
Lünen,44532,,1300,5.90,5.50 %,,
Lünen,44536,,1200,5.70,5.70 %,,
Lünen,44534,,1300,6.20,5.70 %,,
Lünen,gesamt,,1250,5.90,5.70 %,,
Magdeburg,39104,,1550,6.50,5.00 %,,
Magdeburg,39106,,1350,6.10,5.40 %,,
Magdeburg,39124,,1150,5.70,6.00 %,x,
Magdeburg,39116,,1200,6.00,6.00 %,x,
Magdeburg,39114,,1200,6.20,6.20 %,x,
Magdeburg,39130,,950,5.10,6.40 %,x,
Magdeburg,39110,,1100,6.00,6.60 %,x,
Magdeburg,39108,,1150,6.30,6.60 %,x,
Magdeburg,39118,,1000,5.60,6.70 %,x,
Magdeburg,39128,,900,5.20,6.90 %,x,
Magdeburg,39126,,950,5.50,7.00 %,x,
Magdeburg,39112,,1000,5.90,7.10 %,x,
Magdeburg,39122,,950,5.70,7.20 %,x,
Magdeburg,39120,,950,5.90,7.50 %,x,
Magdeburg,gesamt,1276014013,1150,6.00,6.30 %,x,
Mainz,55116,,3600,11.30,3.80 %,,
Mainz,55122,,3400,10.80,3.80 %,,
Mainz,55118,,3450,11.00,3.80 %,,
Mainz,55128,,3200,10.40,3.90 %,,
Mainz,55131,,3500,11.60,4.00 %,,
Mainz,55130,,3100,10.50,4.10 %,,
Mainz,55129,,2900,10.20,4.20 %,,
Mainz,55126,,2650,9.40,4.30 %,,
Mainz,55120,,2750,9.90,4.30 %,,
Mainz,55127,,2650,10.00,4.50 %,,
Mainz,55124,,2550,10.40,4.90 %,,
Mainz,gesamt,1276011021,3200,10.70,4.00 %,,
Mannheim,68161,,3050,9.80,3.90 %,,
Mannheim,68239,,2750,8.90,3.90 %,,
Mannheim,68165,,3200,10.50,3.90 %,,
Mannheim,68163,,3050,10.10,4.00 %,,
Mannheim,68199,,2800,9.30,4.00 %,,
Mannheim,68159,,2900,9.80,4.10 %,,
Mannheim,68229,,2250,7.80,4.20 %,,
Mannheim,68259,,2650,9.20,4.20 %,,
Mannheim,68167,,2650,9.40,4.30 %,,
Mannheim,68219,,2250,8.40,4.50 %,,
Mannheim,68309,,2350,8.80,4.50 %,,
Mannheim,68307,,2200,8.40,4.60 %,,
Mannheim,68169,,2150,8.70,4.90 %,,
Mannheim,68305,,2050,8.70,5.10 %,,
Mannheim,gesamt,1276001025,2700,9.40,4.20 %,,
Marburg,35037,,2950,9.80,4.00 %,,
Marburg,35043,,2500,8.80,4.20 %,,
Marburg,35039,,2600,9.60,4.40 %,,
Marburg,35041,,2100,8.40,4.80 %,,
Marburg,gesamt,,2550,9.10,4.30 %,,
Marl,45772,,1250,5.90,5.70 %,,
Marl,45768,,1250,6.20,6.00 %,x,
Marl,45770,,1100,5.80,6.30 %,x,
Marl,gesamt,,1150,5.90,6.20 %,x,
Meerbusch,40667,,3000,9.60,3.80 %,,
Meerbusch,40668,,2650,9.00,4.10 %,,
Meerbusch,40670,,2450,8.70,4.30 %,,
Meerbusch,gesamt,,2850,9.40,4.00 %,,
Memmingen,Gesamt,1276002055,2700,8.90,4.00 %,,
Menden (Sauerland),58708,,1200,5.50,5.50 %,,
Menden (Sauerland),58706,,1200,5.80,5.80 %,,
Menden (Sauerland),58710,,1050,5.40,6.20 %,x,
Menden (Sauerland),gesamt,,1150,5.60,5.80 %,,
Minden,32427,,1350,6.30,5.60 %,,
Minden,32423,,1250,6.10,5.90 %,,
Minden,32425,,1000,6.20,7.40 %,x,
Minden,32429,,900,5.60,7.50 %,x,
Minden,gesamt,,1200,6.10,6.10 %,x,
Moers,47447,,2000,7.20,4.30 %,,
Moers,47443,,1550,6.30,4.90 %,,
Moers,47441,,1600,6.90,5.20 %,,
Moers,47445,,1350,6.30,5.60 %,,
Moers,gesamt,,1600,6.80,5.10 %,,
Mönchengladbach,41063,,1700,7.00,4.90 %,,
Mönchengladbach,41066,,1600,6.80,5.10 %,,
Mönchengladbach,41068,,1450,6.60,5.50 %,,
Mönchengladbach,41179,,1350,6.30,5.60 %,,
Mönchengladbach,41189,,1300,6.20,5.70 %,,
Mönchengladbach,41169,,1350,6.50,5.80 %,,
Mönchengladbach,41069,,1300,6.40,5.90 %,,
Mönchengladbach,41061,,1350,6.70,6.00 %,x,
Mönchengladbach,41238,,1250,6.40,6.10 %,x,
Mönchengladbach,41199,,1200,6.30,6.30 %,x,
Mönchengladbach,41236,,1200,6.50,6.50 %,x,
Mönchengladbach,41065,,1200,6.50,6.50 %,x,
Mönchengladbach,41239,,1200,6.50,6.50 %,x,
Mönchengladbach,gesamt,,1300,6.50,6.00 %,x,
Mülheim an der Ruhr,45470,,1850,7.10,4.60 %,,
Mülheim an der Ruhr,45481,,1950,7.80,4.80 %,,
Mülheim an der Ruhr,45478,,1700,7.00,4.90 %,,
Mülheim an der Ruhr,45472,,1550,6.90,5.30 %,,
Mülheim an der Ruhr,45479,,1550,7.20,5.60 %,,
Mülheim an der Ruhr,45473,,1400,6.80,5.80 %,,
Mülheim an der Ruhr,45468,,1400,6.90,5.90 %,,
Mülheim an der Ruhr,45475,,1300,6.60,6.10 %,x,
Mülheim an der Ruhr,45476,,1100,6.30,6.90 %,x,
Mülheim an der Ruhr,gesamt,,1500,6.90,5.50 %,,
München,Ludwigsvorstadt-Isarvorstadt,,11850,20.80,2.10 %,,
München,Altstadt-Lehel,,11250,20.40,2.20 %,,
München,Au-Haidhausen,,9600,19.10,2.40 %,,
München,Maxvorstadt,,9200,19.40,2.50 %,,
München,Schwanthalerhöhe,,8050,17.70,2.60 %,,
München,Sendling,,7550,17.40,2.80 %,,
München,Schwabing-West,,8350,19.30,2.80 %,,
München,Untergiesing-Harlaching,,7450,17.40,2.80 %,,
München,Pasing-Obermenzing,,7000,16.40,2.80 %,,
München,Thalkirchen-Obersendling-Forstenried-Fürstenried-Solln,,7050,17.10,2.90 %,,
München,Aubing-Lochhausen-Langwied,,6850,16.80,2.90 %,,
München,Trudering-Riem,,6500,15.90,2.90 %,,
München,Allach-Untermenzing,,6250,15.40,3.00 %,,
München,Neuhausen-Nymphenburg,,7650,18.90,3.00 %,,
München,Hadern,,6500,16.10,3.00 %,,
München,Sendling-Westpark,,6500,16.10,3.00 %,,
München,Moosach,,6600,16.60,3.00 %,,
München,Laim,,6500,16.80,3.10 %,,
München,Obergiesing-Fasangarten,,6350,16.40,3.10 %,,
München,Berg am Laim,,6350,16.50,3.10 %,,
München,Ramersdorf - Perlach,,6150,16.10,3.10 %,,
München,Bogenhausen,,6700,17.60,3.20 %,,
München,Schwabing-Freimann,,6650,17.60,3.20 %,,
München,Feldmoching-Hasenbergl,,5950,15.80,3.20 %,,
München,Milbertshofen-Am Hart,,6250,17.60,3.40 %,,
München,gesamt,1276002059,7100,17.70,3.00 %,,
Münster,48145,,3850,10.30,3.20 %,,
Münster,48147,,3800,10.30,3.30 %,,
Münster,48151,,3700,10.20,3.30 %,,
Münster,48149,,3700,10.70,3.50 %,,
Münster,48155,,3350,9.80,3.50 %,,
Münster,48153,,3200,9.90,3.70 %,,
Münster,48143,,3250,10.10,3.70 %,,
Münster,48165,,2550,8.60,4.10 %,,
Münster,48161,,2500,8.50,4.10 %,,
Münster,48159,,2400,8.40,4.20 %,,
Münster,48163,,2400,8.40,4.20 %,,
Münster,48167,,2300,8.60,4.50 %,,
Münster,48157,,1750,7.90,5.40 %,,
Münster,gesamt,1276010036,3050,9.50,3.70 %,,
Neubrandenburg,17034,,1250,4.90,4.70 %,,
Neubrandenburg,17036,,1150,5.10,5.30 %,,
Neubrandenburg,17033,,1450,6.50,5.40 %,,
Neubrandenburg,gesamt,,1350,5.50,4.90 %,,
Neumünster,24536,,1300,6.60,6.10 %,x,
Neumünster,24537,,1150,6.10,6.40 %,x,
Neumünster,24539,,1150,6.30,6.60 %,x,
Neumünster,24534,,1050,6.20,7.10 %,x,
Neumünster,gesamt,1276015006,1150,6.20,6.50 %,x,
Neuss,41468,,2650,8.30,3.80 %,,
Neuss,41470,,2400,8.00,4.00 %,,
Neuss,41464,,2400,8.30,4.20 %,,
Neuss,41462,,2200,8.10,4.40 %,,
Neuss,41460,,2100,8.20,4.70 %,,
Neuss,41472,,1750,7.50,5.10 %,,
Neuss,41466,,1750,7.60,5.20 %,,
Neuss,41469,,1600,7.80,5.90 %,,
Neuss,gesamt,,2200,8.10,4.40 %,,
Neustadt an der Weinstraße,67434,,2200,7.70,4.20 %,,
Neustadt an der Weinstraße,67435,,2050,7.40,4.30 %,,
Neustadt an der Weinstraße,67433,,2050,7.80,4.60 %,,
Neustadt an der Weinstraße,gesamt,,2100,7.70,4.40 %,,
Neu-Ulm,89233,,3000,9.20,3.70 %,,
Neu-Ulm,89231,,2900,10.20,4.20 %,,
Neu-Ulm,gesamt,,2900,9.90,4.10 %,,
Neuwied,56567,,1600,6.10,4.60 %,,
Neuwied,56566,,1600,6.30,4.70 %,,
Neuwied,56564,,1550,6.50,5.00 %,,
Neuwied,gesamt,,1550,6.30,4.90 %,,
Norderstedt,22848,,3050,9.80,3.90 %,,
Norderstedt,22844,,2850,9.30,3.90 %,,
Norderstedt,22850,,2900,9.60,4.00 %,,
Norderstedt,22846,,2900,9.60,4.00 %,,
Norderstedt,22851,,2500,9.70,4.70 %,,
Norderstedt,gesamt,,2900,9.60,4.00 %,,
Nordhorn,48531,,1600,6.20,4.70 %,,
Nordhorn,48529,,1400,6.20,5.30 %,,
Nordhorn,48527,,1350,6.00,5.30 %,,
Nordhorn,gesamt,,1400,6.20,5.30 %,,
Nürnberg,90453,,3050,9.20,3.60 %,,
Nürnberg,90451,,3100,9.40,3.60 %,,
Nürnberg,90455,,2850,8.70,3.70 %,,
Nürnberg,90403,,3250,10.00,3.70 %,,
Nürnberg,90411,,2950,9.40,3.80 %,,
Nürnberg,90425,,3200,10.30,3.90 %,,
Nürnberg,90427,,3000,9.70,3.90 %,,
Nürnberg,90480,,2900,9.40,3.90 %,,
Nürnberg,90482,,3100,10.10,3.90 %,,
Nürnberg,90431,,2950,9.60,3.90 %,,
Nürnberg,90449,,2850,9.30,3.90 %,,
Nürnberg,90408,,3100,10.20,4.00 %,,
Nürnberg,90491,,3050,10.10,4.00 %,,
Nürnberg,90419,,2950,9.80,4.00 %,,
Nürnberg,90478,,2800,9.30,4.00 %,,
Nürnberg,90441,,2700,9.00,4.00 %,,
Nürnberg,90461,,2750,9.20,4.00 %,,
Nürnberg,90409,,3000,10.10,4.00 %,,
Nürnberg,90473,,2750,9.30,4.10 %,,
Nürnberg,90489,,2900,9.80,4.10 %,,
Nürnberg,90402,,3100,10.50,4.10 %,,
Nürnberg,90469,,2800,9.70,4.20 %,,
Nürnberg,90439,,2600,9.10,4.20 %,,
Nürnberg,90471,,2650,9.30,4.20 %,,
Nürnberg,90443,,2500,8.90,4.30 %,,
Nürnberg,90429,,2700,9.80,4.40 %,,
Nürnberg,90459,,2500,9.10,4.40 %,,
Nürnberg,gesamt,1276002065,2850,9.60,4.00 %,,
Oberhausen,46147,,1600,6.60,5.00 %,,
Oberhausen,46145,,1450,6.40,5.30 %,,
Oberhausen,46149,,1200,6.10,6.10 %,x,
Oberhausen,46117,,1150,5.90,6.20 %,x,
Oberhausen,46119,,1100,5.90,6.40 %,x,
Oberhausen,46049,,1150,6.20,6.50 %,x,
Oberhausen,46045,,1050,6.00,6.90 %,x,
Oberhausen,46047,,1050,6.10,7.00 %,x,
Oberhausen,gesamt,,1150,6.10,6.40 %,x,
Offenbach am Main,63075,,2900,9.60,4.00 %,,
Offenbach am Main,63071,,3000,10.00,4.00 %,,
Offenbach am Main,63069,,2800,9.90,4.20 %,,
Offenbach am Main,63067,,3100,11.00,4.30 %,,
Offenbach am Main,63065,,2900,10.40,4.30 %,,
Offenbach am Main,63073,,2450,9.30,4.60 %,,
Offenbach am Main,gesamt,,2900,10.20,4.20 %,,
Offenburg,77654,,2500,8.30,4.00 %,,
Offenburg,77656,,2200,7.50,4.10 %,,
Offenburg,77652,,2300,8.50,4.40 %,,
Offenburg,gesamt,,2350,8.20,4.20 %,,
Oldenburg (Oldb),26135,,2750,8.70,3.80 %,,
Oldenburg (Oldb),26122,,2450,7.90,3.90 %,,
Oldenburg (Oldb),26131,,2400,7.90,4.00 %,,
Oldenburg (Oldb),26123,,2450,8.10,4.00 %,,
Oldenburg (Oldb),26125,,2400,8.10,4.10 %,,
Oldenburg (Oldb),26129,,2450,8.30,4.10 %,,
Oldenburg (Oldb),26121,,2350,8.00,4.10 %,,
Oldenburg (Oldb),26127,,2250,8.00,4.30 %,,
Oldenburg (Oldb),26133,,2100,7.50,4.30 %,,
Oldenburg (Oldb),gesamt,,2450,8.10,4.00 %,,
Osnabrück,49076,,2550,8.60,4.10 %,,
Osnabrück,49078,,2300,8.30,4.30 %,,
Osnabrück,49074,,2000,7.60,4.60 %,,
Osnabrück,49086,,1750,7.10,4.90 %,,
Osnabrück,49080,,1950,8.00,4.90 %,,
Osnabrück,49090,,1650,7.30,5.30 %,,
Osnabrück,49082,,1750,7.80,5.40 %,,
Osnabrück,49088,,1500,7.70,6.20 %,x,
Osnabrück,49084,,1350,7.40,6.60 %,x,
Osnabrück,gesamt,1276009030,1900,7.70,4.90 %,,
Paderborn,33098,,2150,7.20,4.00 %,,
Paderborn,33106,,2000,6.80,4.10 %,,
Paderborn,33100,,2000,6.90,4.10 %,,
Paderborn,33102,,2150,7.60,4.20 %,,
Paderborn,33104,,1750,6.70,4.60 %,,
Paderborn,gesamt,1276010041,2100,7.20,4.10 %,,
Passau,94034,,2200,7.70,4.20 %,,
Passau,94032,,2400,8.90,4.50 %,,
Passau,94036,,2100,7.90,4.50 %,,
Passau,gesamt,1276002069,2200,8.30,4.50 %,,
Pforzheim,75180,,2350,7.60,3.90 %,,
Pforzheim,75179,,2400,7.90,4.00 %,,
Pforzheim,75181,,2250,7.50,4.00 %,,
Pforzheim,75173,,2350,8.00,4.10 %,,
Pforzheim,75177,,2050,7.70,4.50 %,,
Pforzheim,75175,,2100,8.00,4.60 %,,
Pforzheim,75172,,1850,7.80,5.10 %,,
Pforzheim,gesamt,1276001029,2150,7.80,4.40 %,,
Plauen,8527,,550,4.50,9.80 %,x,
Plauen,8523,,550,4.50,9.80 %,x,
Plauen,8529,,550,4.50,9.80 %,x,
Plauen,8547,,600,5.20,10.40 %,x,
Plauen,8525,,450,4.50,12.00 %,x,
Plauen,gesamt,,500,4.50,10.80 %,x,
Potsdam,14467,,4300,10.80,3.00 %,,
Potsdam,14473,,3950,10.50,3.20 %,,
Potsdam,14469,,3650,10.10,3.30 %,,
Potsdam,14471,,3300,9.40,3.40 %,,
Potsdam,14482,,3250,10.00,3.70 %,,
Potsdam,14478,,2250,7.50,4.00 %,,
Potsdam,14476,,2600,8.90,4.10 %,,
Potsdam,14480,,2500,8.60,4.10 %,,
Potsdam,gesamt,1276004013,3300,9.60,3.50 %,,
Pulheim,50259,,2300,8.70,4.50 %,,
Pulheim,gesamt,,2300,8.70,4.50 %,,
Ratingen,40883,,2450,8.70,4.30 %,,
Ratingen,40878,,2450,8.80,4.30 %,,
Ratingen,40882,,2450,9.00,4.40 %,,
Ratingen,40885,,2100,8.40,4.80 %,,
Ratingen,40880,,1900,8.10,5.10 %,,
Ratingen,gesamt,,2350,8.60,4.40 %,,
Ravensburg,88214,,3100,9.40,3.60 %,,
Ravensburg,88213,,2900,9.20,3.80 %,,
Ravensburg,88212,,3000,9.70,3.90 %,,
Ravensburg,gesamt,1276001031,3000,9.40,3.80 %,,
Recklinghausen,45657,,1600,6.30,4.70 %,,
Recklinghausen,45659,,1450,6.30,5.20 %,,
Recklinghausen,45665,,1300,6.10,5.60 %,,
Recklinghausen,45663,,1150,5.70,6.00 %,x,
Recklinghausen,45661,,1050,5.30,6.10 %,x,
Recklinghausen,gesamt,,1350,6.00,5.30 %,,
Regensburg,93049,,4100,10.50,3.10 %,,
Regensburg,93047,,4150,10.80,3.10 %,,
Regensburg,93053,,3750,9.90,3.20 %,,
Regensburg,93055,,3900,10.40,3.20 %,,
Regensburg,93051,,3700,9.90,3.20 %,,
Regensburg,93059,,3850,10.40,3.20 %,,
Regensburg,93057,,3500,9.70,3.30 %,,
Regensburg,gesamt,1276002073,3900,10.30,3.20 %,,
Remscheid,42897,,1350,5.90,5.20 %,,
Remscheid,42899,,1150,5.60,5.80 %,,
Remscheid,42855,,1250,6.10,5.90 %,,
Remscheid,42853,,1200,6.10,6.10 %,x,
Remscheid,42857,,1150,5.90,6.20 %,x,
Remscheid,42859,,1150,6.00,6.30 %,x,
Remscheid,gesamt,,1200,6.00,6.00 %,x,
Reutlingen,72764,,3100,9.60,3.70 %,,
Reutlingen,72768,,3000,9.30,3.70 %,,
Reutlingen,72760,,2800,9.00,3.90 %,,
Reutlingen,72766,,2900,9.50,3.90 %,,
Reutlingen,72770,,2800,9.20,3.90 %,,
Reutlingen,72762,,3100,10.20,4.00 %,,
Reutlingen,gesamt,,3000,9.50,3.80 %,,
Rheine,48432,,1550,5.80,4.50 %,,
Rheine,48431,,1400,6.20,5.30 %,,
Rheine,48429,,1350,6.10,5.40 %,,
Rheine,gesamt,,1400,6.10,5.20 %,,
Rosenheim,83024,,3950,10.50,3.20 %,,
Rosenheim,83026,,3850,10.30,3.20 %,,
Rosenheim,83022,,3850,10.40,3.20 %,,
Rosenheim,gesamt,1276002076,3850,10.40,3.20 %,,
Rostock,18119,,4500,10.50,2.80 %,,
Rostock,18106,,1950,5.90,3.60 %,,
Rostock,18055,,3100,9.70,3.80 %,,
Rostock,18109,,1800,5.90,3.90 %,,
Rostock,18146,,1550,5.60,4.30 %,,
Rostock,18057,,2600,9.50,4.40 %,,
Rostock,18147,,1700,6.50,4.60 %,,
Rostock,gesamt,1276008013,2350,8.60,4.40 %,,
Rüsselsheim am Main,65428,,2400,9.10,4.60 %,,
Rüsselsheim am Main,gesamt,,2400,9.10,4.60 %,,
Saarbrücken,66129,,2850,7.90,3.30 %,,
Saarbrücken,66123,,2050,7.80,4.60 %,,
Saarbrücken,66111,,1800,7.20,4.80 %,,
Saarbrücken,66117,,1750,7.10,4.90 %,,
Saarbrücken,66113,,1600,6.80,5.10 %,,
Saarbrücken,66133,,1550,6.60,5.10 %,,
Saarbrücken,66127,,1450,6.40,5.30 %,,
Saarbrücken,66121,,1600,7.10,5.30 %,,
Saarbrücken,66119,,1550,7.20,5.60 %,,
Saarbrücken,66126,,1250,6.00,5.80 %,,
Saarbrücken,66131,,1200,6.00,6.00 %,x,
Saarbrücken,66130,,1250,6.30,6.10 %,x,
Saarbrücken,66128,,1400,7.10,6.10 %,x,
Saarbrücken,66132,,1250,6.50,6.20 %,x,
Saarbrücken,66115,,1200,6.60,6.60 %,x,
Saarbrücken,66125,,1150,6.60,6.90 %,x,
Saarbrücken,gesamt,,1650,7.10,5.20 %,,
Salzgitter,38239,,1700,6.70,4.70 %,,
Salzgitter,38226,,950,5.70,7.20 %,x,
Salzgitter,38228,,850,5.30,7.50 %,x,
Salzgitter,38229,,850,5.40,7.60 %,x,
Salzgitter,38259,,750,5.60,9.00 %,x,
Salzgitter,gesamt,,900,5.60,7.50 %,x,
Sankt Augustin,53757,,2050,7.90,4.60 %,,
Sankt Augustin,gesamt,,2050,7.90,4.60 %,,
Schwäbisch Gmünd,73525,,2300,8.20,4.30 %,,
Schwäbisch Gmünd,73527,,2050,7.70,4.50 %,,
Schwäbisch Gmünd,73529,,1850,7.50,4.90 %,,
Schwäbisch Gmünd,gesamt,,2100,7.90,4.50 %,,
Schweinfurt,97422,,1900,6.40,4.00 %,,
Schweinfurt,97421,,1700,7.00,4.90 %,,
Schweinfurt,97424,,1500,6.60,5.30 %,,
Schweinfurt,gesamt,1276002082,1750,6.70,4.60 %,,
Schwerin,19055,,1650,7.20,5.20 %,,
Schwerin,19063,,1150,5.10,5.30 %,,
Schwerin,19053,,1550,7.00,5.40 %,,
Schwerin,19059,,1450,6.70,5.50 %,,
Schwerin,19057,,1250,6.10,5.90 %,,
Schwerin,19061,,1300,6.40,5.90 %,,
Schwerin,gesamt,,1450,6.70,5.50 %,,
Siegen,57072,,1600,7.10,5.30 %,,
Siegen,57076,,1600,7.10,5.30 %,,
Siegen,57080,,1300,6.00,5.50 %,,
Siegen,57074,,1450,6.70,5.50 %,,
Siegen,57078,,1300,6.50,6.00 %,x,
Siegen,gesamt,,1500,6.90,5.50 %,,
Sindelfingen,71069,,3250,10.60,3.90 %,,
Sindelfingen,71065,,3100,10.80,4.20 %,,
Sindelfingen,71063,,3250,11.40,4.20 %,,
Sindelfingen,71067,,2800,10.50,4.50 %,,
Sindelfingen,gesamt,,3150,10.90,4.20 %,,
Solingen,42697,,1950,7.10,4.40 %,,
Solingen,42699,,1900,7.10,4.50 %,,
Solingen,42659,,1700,6.70,4.70 %,,
Solingen,42719,,1700,6.80,4.80 %,,
Solingen,42653,,1600,6.90,5.20 %,,
Solingen,42651,,1550,6.70,5.20 %,,
Solingen,42657,,1550,6.80,5.30 %,,
Solingen,42655,,1500,6.70,5.40 %,,
Solingen,gesamt,,1650,6.90,5.00 %,,
Speyer,67346,,2500,8.80,4.20 %,,
Speyer,gesamt,,2500,8.80,4.20 %,,
"Stolberg (Rhld,)",52224,,1450,6.00,5.00 %,,
"Stolberg (Rhld,)",52223,,1300,6.10,5.60 %,,
"Stolberg (Rhld,)",52222,,1200,6.10,6.10 %,x,
Stolberg (Rhld.),gesamt,,1250,6.10,5.90 %,,
Stralsund,18439,,1700,7.00,4.90 %,,
Stralsund,18435,,1250,5.80,5.60 %,,
Stralsund,18437,,1250,5.90,5.70 %,,
Stralsund,gesamt,,1400,6.40,5.50 %,,
Stuttgart,Stuttgart-Nord,,5100,14.50,3.40 %,,
Stuttgart,Stuttgart-West,,4550,13.40,3.50 %,,
Stuttgart,Süd,,4650,14.10,3.60 %,,
Stuttgart,Vaihingen,,4150,12.60,3.60 %,,
Stuttgart,Möhringen,,4200,12.80,3.70 %,,
Stuttgart,Sillenbuch,,4100,12.70,3.70 %,,
Stuttgart,Degerloch,,4450,14.20,3.80 %,,
Stuttgart,Stuttgart-Mitte,,4400,14.10,3.90 %,,
Stuttgart,Botnang,,3850,12.60,3.90 %,,
Stuttgart,Plieningen,,3850,12.70,4.00 %,,
Stuttgart,Birkach,,3850,12.70,4.00 %,,
Stuttgart,Mühlhausen,,3500,11.70,4.00 %,,
Stuttgart,Münster,,3550,11.90,4.00 %,,
Stuttgart,Bad Cannstatt,,3550,11.90,4.00 %,,
Stuttgart,Weilimdorf,,3650,12.40,4.10 %,,
Stuttgart,Obertürkheim,,3500,12.00,4.10 %,,
Stuttgart,Hedelfingen,,3500,12.00,4.10 %,,
Stuttgart,Untertürkheim,,3500,12.30,4.20 %,,
Stuttgart,Wangen,,3500,12.30,4.20 %,,
Stuttgart,Stuttgart-Ost,,3850,13.60,4.20 %,,
Stuttgart,Feuerbach,,3950,14.10,4.30 %,,
Stuttgart,Zuffenhausen,,3400,12.20,4.30 %,,
Stuttgart,Stammheim,,3400,12.60,4.50 %,,
Stuttgart,gesamt,1276001039,4100,13.60,4.00 %,,
Trier,54292,,2700,8.60,3.80 %,,
Trier,54296,,2600,8.30,3.80 %,,
Trier,54290,,2700,8.70,3.90 %,,
Trier,54295,,2550,8.70,4.10 %,,
Trier,54294,,2350,8.40,4.30 %,,
Trier,54293,,1800,7.20,4.80 %,,
Trier,gesamt,,2550,8.40,4.00 %,,
Troisdorf,53844,,2250,7.70,4.10 %,,
Troisdorf,53842,,2250,8.20,4.40 %,,
Troisdorf,53840,,1850,7.70,5.00 %,,
Troisdorf,gesamt,,2150,7.80,4.40 %,,
Tübingen,72074,,3850,11.30,3.50 %,,
Tübingen,72072,,3650,11.00,3.60 %,,
Tübingen,72070,,3700,11.30,3.70 %,,
Tübingen,72076,,3600,11.10,3.70 %,,
Tübingen,gesamt,1276001041,3650,11.20,3.70 %,,
Ulm,89077,,3450,9.90,3.40 %,,
Ulm,89075,,3400,9.80,3.50 %,,
Ulm,89073,,3450,10.30,3.60 %,,
Ulm,89081,,3150,9.50,3.60 %,,
Ulm,89079,,2800,8.70,3.70 %,,
Ulm,gesamt,1276001042,3350,9.90,3.60 %,,
Unna,59423,,1500,6.50,5.20 %,,
Unna,59427,,1400,6.10,5.20 %,,
Unna,59425,,1250,6.00,5.80 %,,
Unna,gesamt,,1350,6.20,5.50 %,,
Velbert,42549,,1400,6.40,5.50 %,,
Velbert,42551,,1400,6.50,5.60 %,,
Velbert,42553,,1350,6.40,5.70 %,,
Velbert,42555,,1250,6.00,5.80 %,,
Velbert,gesamt,,1400,6.40,5.50 %,,
Viersen,41749,,1550,6.30,4.90 %,,
Viersen,41747,,1400,6.60,5.70 %,,
Viersen,41751,,1250,5.90,5.70 %,,
Viersen,41748,,1300,6.20,5.70 %,,
Viersen,gesamt,,1350,6.30,5.60 %,,
Villingen-Schwenningen,78050,,2300,7.90,4.10 %,,
Villingen-Schwenningen,78056,,1950,7.30,4.50 %,,
Villingen-Schwenningen,78048,,1850,7.30,4.70 %,,
Villingen-Schwenningen,78052,,1800,7.20,4.80 %,,
Villingen-Schwenningen,78054,,1850,7.50,4.90 %,,
Villingen-Schwenningen,gesamt,,1900,7.40,4.70 %,,
Waiblingen,71336,,3150,9.60,3.70 %,,
Waiblingen,71332,,3300,10.30,3.80 %,,
Waiblingen,71334,,3200,10.10,3.80 %,,
Waiblingen,gesamt,,3250,10.10,3.70 %,,
Weimar,99423,,1850,7.60,4.90 %,,
Weimar,99425,,1900,7.90,5.00 %,,
Weimar,99427,,1150,6.00,6.30 %,x,
Weimar,gesamt,1276016021,1750,7.40,5.10 %,,
Wesel,46485,,1400,6.00,5.10 %,,
Wesel,46487,,1250,5.90,5.70 %,,
Wesel,46483,,1200,6.10,6.10 %,x,
Wesel,gesamt,,1250,6.00,5.80 %,,
Wetzlar,35582,,2100,7.10,4.10 %,,
Wetzlar,35586,,1850,6.60,4.30 %,,
Wetzlar,35580,,1850,6.60,4.30 %,,
Wetzlar,35581,,1900,6.90,4.40 %,,
Wetzlar,35583,,1850,6.80,4.40 %,,
Wetzlar,35579,,1750,6.50,4.50 %,,
Wetzlar,35584,,1800,6.70,4.50 %,,
Wetzlar,35576,,1750,6.90,4.70 %,,
Wetzlar,35585,,1350,5.40,4.80 %,,
Wetzlar,35578,,1850,7.40,4.80 %,,
Wetzlar,gesamt,,1850,7.10,4.60 %,,
Wiesbaden,65183,,3550,10.70,3.60 %,,
Wiesbaden,65191,,3550,10.70,3.60 %,,
Wiesbaden,65193,,4000,12.60,3.80 %,,
Wiesbaden,65189,,3750,11.90,3.80 %,,
Wiesbaden,65185,,3250,10.40,3.80 %,,
Wiesbaden,65195,,3300,10.70,3.90 %,,
Wiesbaden,65201,,3350,11.00,3.90 %,,
Wiesbaden,65203,,3250,10.70,4.00 %,,
Wiesbaden,65197,,3200,10.60,4.00 %,,
Wiesbaden,65187,,3300,11.30,4.10 %,,
Wiesbaden,55252,,2950,10.10,4.10 %,,
Wiesbaden,55246,,2850,9.90,4.20 %,,
Wiesbaden,65207,,2700,9.50,4.20 %,,
Wiesbaden,65205,,2850,10.10,4.30 %,,
Wiesbaden,65199,,3000,10.80,4.30 %,,
Wiesbaden,gesamt,1276007026,3350,10.90,3.90 %,,
Wilhelmshaven,26382,,1000,5.60,6.70 %,x,
Wilhelmshaven,26388,,900,5.20,6.90 %,x,
Wilhelmshaven,26389,,950,5.50,7.00 %,x,
Wilhelmshaven,26386,,900,5.30,7.10 %,x,
Wilhelmshaven,26384,,900,5.60,7.50 %,x,
Wilhelmshaven,gesamt,1276009044,950,5.50,7.00 %,x,
Willich,47877,,1950,7.40,4.60 %,,
Willich,gesamt,,1950,7.40,4.60 %,,
Witten,58456,,1550,6.40,5.00 %,,
Witten,58454,,1500,6.40,5.10 %,,
Witten,58453,,1350,6.20,5.50 %,,
Witten,58452,,1300,6.10,5.60 %,,
Witten,58455,,1350,6.40,5.70 %,,
Witten,gesamt,,1350,6.20,5.50 %,,
Wolfenbüttel,38302,,1600,6.80,5.10 %,,
Wolfenbüttel,38300,,1500,6.90,5.50 %,,
Wolfenbüttel,38304,,1350,6.70,6.00 %,x,
Wolfenbüttel,gesamt,,1500,6.80,5.40 %,,
Wolfsburg,38442,,2400,8.30,4.20 %,,
Wolfsburg,38448,,2200,7.90,4.30 %,,
Wolfsburg,38446,,2200,8.40,4.60 %,,
Wolfsburg,38440,,2100,8.70,5.00 %,,
Wolfsburg,38444,,1800,7.70,5.10 %,,
Wolfsburg,gesamt,1276009047,2100,8.30,4.70 %,,
Worms,67550,,1950,7.20,4.40 %,,
Worms,67551,,1800,7.00,4.70 %,,
Worms,67549,,1850,7.70,5.00 %,,
Worms,67547,,1800,7.50,5.00 %,,
Worms,gesamt,,1850,7.40,4.80 %,,
Wuppertal,42111,,1700,6.90,4.90 %,,
Wuppertal,42369,,1550,6.40,5.00 %,,
Wuppertal,42399,,1550,6.50,5.00 %,,
Wuppertal,42349,,1600,6.80,5.10 %,,
Wuppertal,42113,,1500,6.70,5.40 %,,
Wuppertal,42115,,1400,6.60,5.70 %,,
Wuppertal,42327,,1300,6.20,5.70 %,,
Wuppertal,42287,,1400,6.70,5.70 %,,
Wuppertal,42329,,1300,6.30,5.80 %,,
Wuppertal,42103,,1300,6.40,5.90 %,,
Wuppertal,42389,,1200,6.00,6.00 %,x,
Wuppertal,42119,,1300,6.50,6.00 %,x,
Wuppertal,42109,,1250,6.30,6.10 %,x,
Wuppertal,42105,,1250,6.30,6.10 %,x,
Wuppertal,42289,,1150,6.10,6.40 %,x,
Wuppertal,42117,,1200,6.40,6.40 %,x,
Wuppertal,42285,,1200,6.40,6.40 %,x,
Wuppertal,42107,,1150,6.30,6.60 %,x,
Wuppertal,42279,,1150,6.30,6.60 %,x,
Wuppertal,42283,,1100,6.10,6.70 %,x,
Wuppertal,42277,,1050,5.90,6.70 %,x,
Wuppertal,42281,,1050,6.10,7.00 %,x,
Wuppertal,42275,,1000,6.00,7.20 %,x,
Wuppertal,gesamt,1276010054,1200,6.30,6.30 %,x,
Würzburg,97070,,3550,10.50,3.60 %,,
Würzburg,97072,,3550,10.50,3.60 %,,
Würzburg,97074,,3450,10.50,3.70 %,,
Würzburg,97082,,3250,10.40,3.80 %,,
Würzburg,97080,,2950,9.60,3.90 %,,
Würzburg,97076,,2750,9.50,4.20 %,,
Würzburg,97078,,2550,9.20,4.30 %,,
Würzburg,97084,,2400,9.50,4.80 %,,
Würzburg,gesamt,1276002094,3200,10.10,3.80 %,,
Zwickau,8056,,800,5.30,8.00 %,x,
Zwickau,8058,,750,5.40,8.60 %,x,
Zwickau,8060,,700,5.20,8.90 %,x,
Zwickau,8066,,650,5.00,9.20 %,x,
Zwickau,8064,,700,5.40,9.30 %,x,0
Zwickau,8062,,600,4.70,9.40 %,x,
Zwickau,gesamt,,750,5.30,8.50 %,x,